stage,Alanine and aspartate metabolism,Arginine and Proline Metabolism,Citric acid cycle,Eicosanoid metabolism,Fatty acid oxidation,Glycerophospholipid metabolism,"Glycine, serine, alanine and threonine metabolism",Glycolysis/gluconeogenesis,Glyoxylate and dicarboxylate metabolism,Keratan sulfate degradation,Lysine metabolism,Methionine and cysteine metabolism,Miscellaneous,N-glycan degradation,Pentose phosphate pathway,Pyruvate metabolism,Sphingolipid metabolism,Tryptophan metabolism,Tyrosine metabolism,Urea cycle,"Valine, leucine, and isoleucine metabolism",Vitamin C metabolism
bc,0.15557448855632683,0.4435187631675124,0.3719414471693443,0.4934785937242272,0.2462056468776783,0.5856931382779134,0.006076068053211816,0.35415510405014905,0.3324142383021882,0.3388349376507508,0.4219459651974652,0.20601705475898932,0.6054502336581338,0.3388349376507508,0.2481858391378179,0.11945656863508447,1.0,0.46648136318561384,0.3180136017208176,0.19190128627999598,0.13913149125499275,0.0
bc,0.1370168404391184,0.4328567907948802,0.3650558039042477,0.49356962308509067,0.19215465784960045,0.6902270462560518,0.27987285841109444,0.3497810498475701,0.28679128668639275,0.34108552770904604,0.4132902644349172,0.13030688310052593,0.6072028006986753,0.34108552770904604,0.2426938807706352,0.174503228932044,1.0,0.4770100727442264,0.224319465527388,0.17037561390255002,0.14051634892655526,0.001548660912385503
bc,0.12942306434604492,0.43769497199973983,0.3752227331725452,0.4845956667178095,0.22005731570191758,0.5004316629786685,0.07699135678072727,0.3947357310778695,0.26868613121344553,0.3589857447091703,0.385408371667191,0.1089146965314032,0.605723737099269,0.3589857447091703,0.23989903813749658,0.14403708205776097,0.5337354053544583,0.4684132641084343,0.3171158379867265,0.19673352648612077,0.1272112273996009,0.02666954855095151
bc,0.15841208118538583,0.42684850702121335,0.39409656313374547,0.5784634256967639,0.3098190196762024,0.380656426218124,0.03369571577569205,0.3290959684384055,0.2783098815672659,0.02482895996229585,0.21710918435559332,0.14728617618201045,0.5772094298819669,0.02482895996229585,0.24065232267450404,0.12492175759867499,0.8186404240342583,0.4947588784255026,0.3342187765526461,0.21006206756895965,0.10453018373479236,0.0
bc,0.11731489545018171,0.4532182834327583,0.33361273613707326,0.5377286098235614,0.25597897559098554,0.5035843437919415,0.1321791746547456,0.5292142035179035,0.36618563278889815,0.4248949280337904,0.37784245550642387,0.1319916976884895,0.5522802068010935,0.4248949280337904,0.17464427041616312,0.18500784909452025,0.5877640021138287,0.4672903211701,0.31820564215686514,0.20382103872295065,0.12159576582471382,0.19589132434566905
bc,0.0,0.5589730911994606,0.1393521060620599,0.46935178272339845,0.2520940143008498,0.7499770077469261,0.3426677219483225,0.3783333198278844,0.27975751566519547,0.06692758381393465,0.5035392597437596,0.08206412821594339,0.6120952019801216,0.06692758381393465,0.25399859804001224,0.12704617300058466,0.5557961952173166,0.5452854881086069,0.4150935679315485,0.2286066805525356,0.2076012226702748,0.0336308732968703
bc,0.1787257614163165,0.50278836237466,0.4394376253102723,0.4925845540734443,0.16595313730433459,0.5204853478307366,0.01986328317555848,0.38941243362893607,0.3387012998152697,0.2605674236172394,0.4726299429410714,0.0,0.7835021940613474,0.2605674236172394,0.22603558924250697,0.13045470647082627,1.0,0.5186338965346676,0.3813924481095811,0.19128003746250216,0.17691215905732924,0.008659913370060902
bc,0.1457045747521204,0.4400707501455573,0.38667817746695576,0.49353474325523605,0.11689161862294513,0.5005388881648419,0.0,0.35415510405014905,0.27402485691567424,0.3388349376507508,0.41886323954799065,0.14410753941631393,0.6724077241463622,0.3388349376507508,0.239305595584404,0.12712749711154134,1.0,0.4684132641084343,0.31672093904583654,0.19930071620516054,0.0666131501123458,0.0
bc,0.14374551831317575,0.3164384582930544,0.37188115172324127,0.4303065594745622,0.26339452709344136,0.45141002895212484,0.042530782900619686,0.3145938084812975,0.27861677886420333,0.18686631394893197,0.41919527214740365,0.14156769971091168,0.7080214554434698,0.18686631394893197,0.29251707902674073,0.16626543445446446,0.361111282200702,0.4503243424544672,0.3032218599484387,0.1980822412136966,0.1405941240383047,0.0951263406594281
bc,0.1581055868185498,0.4701590420865477,0.3832310202807276,0.4915844440776944,0.1849650509884106,0.5353414971454092,0.009115428299762716,0.31031977029823105,0.23691931443830438,0.45722487984950994,0.4206358827703817,0.14210801352962976,0.6803720620729126,0.45722487984950994,0.2386850806907102,0.15316169231189725,1.0,0.46779105905808277,0.2863304452008177,0.20117241842379174,0.10853117332026606,0.0
bc,0.12947201404742725,0.4744607476305362,0.36130338428395925,0.49356962308509067,0.17890990559013684,0.5005388881648419,0.0,0.34840856336441794,0.20950322517892217,0.3392075528880152,0.4219459651974652,0.13781483695956556,0.6120952019801216,0.3392075528880152,0.2541978200264883,0.12704617300058466,1.0,0.4640924192203838,0.31820564215686514,0.19939559912375915,0.14051634892655526,0.0
bc,0.14208783576342826,0.40535788612204754,0.36595587624505965,0.4767527108221004,0.2237375275020756,0.7819106382973923,0.27206130350889374,0.28498376052873503,0.29069624523732296,0.3279508236650642,0.41991331253689906,0.17594304592221185,0.6114165284570191,0.3279508236650642,0.31284523955286936,0.20731264414052855,0.7997035907080929,0.46570512378967294,0.31472695382868543,0.18756226796711628,0.11525026794482435,0.028570455453247687
bc,0.13285014930940603,0.4604255178270954,0.3688091361723233,0.5107875133233233,0.20033654653708743,0.5005388881648419,0.074298539647969,0.4323766417716538,0.2239595070586454,0.4414993805314926,0.3427632851710318,0.16933922346999672,0.5330509260422847,0.4414993805314926,0.168911065075759,0.1763286463943102,0.9988174623867657,0.3949489873208035,0.31820564215686514,0.1979789204005742,0.05677380717378143,0.0775447386104988
bc,0.15024240232355895,0.378392935428381,0.38572832712203475,0.47341797665537116,0.26982584095218354,0.5114306590780174,0.012826400136814095,0.3605446572106387,0.27857928900166784,0.149100505425257,0.31776207400804535,0.0015715995139879357,0.6267262678416847,0.149100505425257,0.2398145047317418,0.15265872487525434,1.0,0.45782678774495167,0.31820564215686514,0.18032278165920917,0.0,0.0
bc,0.12857929639708848,0.40061572476547364,0.3530525355440852,0.491213161403921,0.1567982324645551,0.6209350269771885,0.2468929379882581,0.48158130094398605,0.27975751566519547,0.3388349376507508,0.4219459651974652,0.13755837115109168,0.6378467074834477,0.3388349376507508,0.1923895784960066,0.16620114305383218,0.8662402905464609,0.42784066940991944,0.31820564215686514,0.1993912179406542,0.13824630946868266,0.0
bc,0.13963035801216497,0.45146466685027503,0.37188115172324127,0.49356052034339937,0.2495886261718916,0.5005388881648419,0.0,0.3626585394164245,0.27975751566519547,0.339244207344033,0.4168753591538934,0.13641395799121656,0.6120952019801216,0.339244207344033,0.2422671986435592,0.12275738916730951,1.0,0.4554986995068515,0.2580901609268325,0.0,0.13141447258748581,0.0
bc,0.11504193940980582,0.47504782278705965,0.3551577662612468,0.48066767387593534,0.28670553598355236,0.6398117283609055,0.21311027465324522,0.3685513513024528,0.22490746536494496,0.45554570896087354,0.3842296960167413,0.2076246142356476,0.6086280184319749,0.45554570896087354,0.2360030183657259,0.13529887844466928,0.8878260747287805,0.4960953118839778,0.329456787918116,0.2103976268704078,0.126716391825015,0.04609389225051267
bc,0.017148955499259138,0.3932322851789156,0.17137813942289362,0.49356962308509067,0.40875733149497295,0.4913227787903512,0.021344900541854405,0.13004569614495728,0.29465210707380207,0.3388349376507508,0.38986987473260565,0.10133999014059604,0.745708922400506,0.3388349376507508,0.22578075588329233,0.0,0.43021967135967687,0.4683662334655015,0.23229976466094585,0.18161750496583953,0.06083256163355386,0.16564340584475387
bc,0.1600239260799072,0.46129308934861796,0.3986465289674986,0.4902379154563356,0.17152636668012056,0.5503952873921015,0.15507230580797077,0.4279624950110823,0.26511950884883534,0.17947209653785137,0.4390907308544553,0.12301515774077797,0.6118474415647064,0.17947209653785137,0.210163035233198,0.1943187629542448,1.0,0.4864457138870787,0.2444906742045723,0.20356756022040026,0.1459476872694548,0.0
bc,0.15566768504458336,0.4608329453603016,0.4024117924176372,0.5828963562808063,0.15444472510123314,0.5088181958755282,0.023796665752357237,0.5417401702316579,0.38146202760968306,0.3388349376507508,0.433247180202502,0.217340744278597,0.6120952019801216,0.3388349376507508,0.19591554000809103,0.23197398448994666,0.4988730277825631,0.5047898487157432,0.33213523675628026,0.20683674441637062,0.0629402950352017,0.2112063401092588
bc,0.17683533951721836,0.4960950368641286,0.4446647664950027,0.5005089586601421,0.33414030025735403,0.5017166261186733,0.02127329201609011,0.3762496252767277,0.27053161123759445,0.3412482949744444,0.4772842828125202,0.15420468634282886,0.6094429228806334,0.3412482949744444,0.2422671986435592,0.12867076810226555,0.47831848610443956,0.5201907356971376,0.3851091211882547,0.17075679077329642,0.1811679793442499,0.0
bc,0.21594204307965204,0.5590596189053002,0.48811357452952225,0.49245375392030755,0.2188429847842185,0.6529940393079087,0.3708294123930165,0.3576107190086755,0.25210834184747827,0.3388349376507508,0.5172706888476529,0.17512194634470704,0.6120952019801216,0.3388349376507508,0.22906633085284558,0.1214030804752719,1.0,0.5660925614979574,0.4331835921110405,0.2365105365677062,0.20035120357445704,0.03471050541113379
bc,0.2147939303381193,0.545223106234413,0.4755092338267955,0.49356962308509067,0.22310958241903409,0.6993212568614837,0.3648894320063245,0.36588088154207593,0.3874701554342835,0.22815787679166902,0.5218366378567564,0.16493792803332655,0.6822100946999794,0.22815787679166902,0.23637139602462806,0.14174528322244784,1.0,0.564788501305403,0.43889598364703736,0.23473665504701444,0.2022197130428321,0.24533178234428962
bc,0.07483934160986144,0.4135140088646164,0.2702739810095981,0.49356962308509067,0.17118422781415998,0.5005388881648419,0.0011469622329105848,0.10616374226317346,0.27975751566519547,0.3388349376507508,0.4219459651974652,0.08805649851127136,0.6120952019801216,0.3388349376507508,0.2839745884473409,0.0,1.0,0.45394405652951947,0.31820564215686514,0.1992493195474523,0.14051634892655526,0.0
bc,0.1610434978947144,0.4658901175219667,0.3935514460805713,0.49937046051171496,0.1532764096375865,0.491659476052864,0.01269278561353851,0.37087953090690745,0.274306542713096,0.35379918564854274,0.4248496088196074,0.26416030761183834,0.6062181626656341,0.35379918564854274,0.22905615523803283,0.1408474777067618,0.9821888626200217,0.4748945518260722,0.3313098532744227,0.17662185173457598,0.14497955314373442,0.0
bc,0.14212529583000635,0.4212132189882116,0.3752227331725452,1.0,0.0,0.0,0.0,0.4040545917661525,0.2793154647821294,0.34466346260904096,0.41886323954799065,0.2365047011667676,0.6120952019801216,0.34466346260904096,0.23672770977073315,0.1328919398743707,0.5666486261122645,0.4689416120665054,0.31392729237159234,0.1782109555076004,0.13545467745407944,0.024716404550599206
bc,1.0,0.5344986448727297,0.44164990392526965,0.45602078315889066,0.1559393939276926,0.5005388881648419,0.12566345374641535,0.36475913507363594,1.0,1.0,0.33394291565777484,0.1576446662387687,0.9613066494820532,1.0,0.312473025304693,0.17357029189330522,1.0,0.5289012777373938,0.4029737377618417,1.0,0.1964414412339341,1.0
bc,0.16157341856116067,0.5077764112760064,0.3832310202807276,0.49024949433042136,0.17900550027953327,0.6005326088283687,0.22786119330901985,0.39978567238778073,0.0,0.23328379788304568,0.4219459651974652,0.13781483695956556,0.6309151132046195,0.23328379788304568,0.22763654048105095,0.1273175760492652,1.0,0.4684132641084343,0.31820564215686514,0.19686908885565788,0.14098083333575398,0.00022065650921804055
bc,0.12809206286887811,0.432988574310805,0.34595027272456275,0.5035158963030503,0.17138250984532333,0.45088492128113256,0.0012134394924956063,0.2565550903373225,0.27053161123759445,0.33718960469109843,0.4219459651974652,0.11276354278055903,0.6120952019801216,0.33718960469109843,0.2405756487751369,0.07610591279944058,0.9028134450137411,0.467595634177053,0.31773583572858755,0.14869593540010775,0.13673630967736816,0.0
bc,0.10356912933376633,0.45595219806105747,0.31660257892686705,0.6472514857970192,0.23222736218382747,0.42160263231374434,0.13632699390012534,0.26507434254727363,0.5444214455282335,0.3442367581691107,0.3680718541398882,0.044866789051075294,0.44825135658609344,0.3442367581691107,0.25006200621334046,0.08330179453840472,0.8635046750346271,0.4796680081195775,0.34132408985020957,0.17662185173457598,0.15275156013620297,0.42390838357374744
bc,0.15945825393886814,0.4091286299356045,0.41342949222641245,0.4881086024527362,0.19332506409244407,0.6212161506784243,0.2587385879738849,0.36429625846834407,0.27975751566519547,0.32142133819710006,0.44545210073856045,0.15364259140158806,0.6120952019801216,0.32142133819710006,0.30849992969027185,0.12524862774487067,0.4334881079687882,0.47947742466415727,0.34856867429722727,0.20327200537726203,0.15623201116554897,0.0
bc,0.14832723691114563,0.43850731940728127,0.3839307206140708,0.4931896296757213,0.1888985278206244,0.5712277063647175,0.025900640902992017,0.36588088154207593,0.27402485691567424,0.33612970150606875,0.4219459651974652,0.13781483695956556,0.6101856432435561,0.33612970150606875,0.23420151799703787,0.12722609660239254,0.9992582237853865,0.46414047090671046,0.3177744551576921,0.19478108128232152,0.1351229887437519,0.030442183967460245
bc,0.1457045747521204,0.4535670229688676,0.3832310202807276,0.5232364067159326,0.1798431696972457,0.49615247922338873,0.0,0.40845651406152167,0.27975751566519547,0.3388349376507508,0.42086764997710174,0.13781483695956556,0.6120952019801216,0.3388349376507508,0.224707726080211,0.1395579488097078,0.9908997248878456,0.4684132641084343,0.31820564215686514,0.19937277401396883,0.14051634892655526,0.0012721669020184158
bc,0.1460459656074587,0.46072558501706085,0.38542606927505313,0.4934785937242272,0.1832343606426515,0.5005388881648419,0.0,0.4012882090134649,0.3272293940878309,0.3388349376507508,0.4216131271784994,0.7087538234858258,0.6120952019801216,0.3388349376507508,0.2853880342707483,0.3914451327947269,0.562783192727717,0.4682158551519627,0.185653093269197,0.19288702558391307,0.1397908455143317,0.0037623765280001245
bc,0.14966642502710908,0.4828105862059739,0.38419754782755633,0.4897399332820794,0.2803055437113879,0.5423372182333246,0.15526770028772044,0.36588088154207593,0.12106392920499329,0.45503925331949857,0.4097777709695483,0.14015302143779015,0.7007754525227095,0.45503925331949857,0.21945293383925102,0.12896775858981915,1.0,0.35854631995214,0.3156417075114954,0.19836411293706233,0.4017068680671567,0.029956181775436613
h,0.14785262036879823,0.45539433471213014,0.6561507726859307,0.47446089034427386,0.0,0.5005388881648419,0.0,0.3601269467252156,0.2711295458413434,0.3388349376507508,0.40182693301120836,0.14464859675131927,0.5625748060789273,0.3388349376507508,0.22219075383243797,0.16960506330188926,0.38186758455496433,0.4684132641084343,0.0,0.19818680383219495,0.13651202499971318,0.051520446471083954
h,0.2623788291490114,0.6502495104133483,0.5026216178666318,0.4963123205097768,0.17970348258225605,0.5560382055710285,0.500429197344682,0.30619934862773773,0.28894416474844775,0.3388343699065237,0.6051959353983003,0.45312463922543234,0.5574829874761627,0.3388343699065237,0.1817728676376988,0.2039391255959201,1.0,0.6353058677528207,0.5336739603337292,0.2582359361148549,0.22570188049195117,0.11349328160682423
h,0.17590508443712416,0.4950321750890501,0.45111317436370113,0.4700977496662345,0.10048536524334388,0.5223842933541338,0.057590609220394426,0.36588088154207593,0.3198787029950448,0.3388349376507508,0.4828261618751831,0.1666032497706124,0.5382434276408172,0.3388349376507508,0.20800489425140914,0.12704617300058466,1.0,0.3613569293675405,0.38639720615070483,0.21364239335564963,0.45790456444042493,0.0031622731319805473
h,0.1760208855977606,0.5040897507260522,0.3612143921388809,0.521675658092251,0.17865570632819733,0.5018159872243317,0.037324738758544196,0.2359746987985629,0.192568057068661,0.1316687777850231,0.4608237992561378,0.11848338003050483,0.5837034098888804,0.1316687777850231,0.22283677490278078,0.07069817067468862,0.536452385737371,0.37887552881313247,0.3662044082139169,0.1516196159270794,0.07464847935589403,0.0
h,0.13572788154663565,0.43224754944081867,0.6499031382854112,0.4800149273514889,0.39210133682621523,0.5144385716040895,0.06317107942630298,0.2849303616155294,0.28353945486858345,0.2887380108752968,0.4146913238048,0.12799827985299816,0.7910974707077584,0.2887380108752968,0.19054124932162186,0.22553900849377834,1.0,0.4720525892498841,0.3093592149451152,0.19512299836531946,0.13744090799423883,0.01506118769713817
h,0.0,0.2783314549531133,0.15536865870836125,0.7614974801810818,0.7219883188340644,0.2178324059264019,0.5776792952767701,0.0,0.1593497615750243,0.444108286309882,0.04771269063998009,0.45312463922543234,0.30317050176013927,0.444108286309882,0.35526300539689276,0.0,0.7598262693098918,0.6452306228476822,0.5126140880164624,0.283879834468077,0.0,0.11349328160682423
h,0.14384531402557613,0.23469621165044005,0.7333856631620017,0.6704932890413127,0.1560625705085924,0.5005388881648419,0.14324347883407837,0.36588088154207593,0.27975751566519547,0.4999508205480045,0.3447235309086018,0.15004304885119527,0.7080214554434698,0.4999508205480045,0.22351806162538684,0.17766190413788685,0.43714204719564126,0.4067143762279376,0.24751715976469432,0.19273290806262475,0.06643241005527237,0.05787715141713701
h,0.16333735441107983,0.47735615850274443,0.3921604576270278,0.49356962308509067,0.1817254926248446,0.5005388881648419,0.0,0.36588088154207593,0.18565117679630477,0.3388349376507508,0.4293030583527898,0.14015302143779015,0.6983126602166224,0.3388349376507508,0.23890616617399454,0.12704617300058466,1.0,0.42855037735118817,0.1882092467037069,0.15939357363445977,0.052519692545076414,0.0
h,0.10284114247137549,0.46111488398098305,0.32476245110751145,0.5111698777269981,0.27321441025898763,0.5005388881648419,0.042104692875617786,0.3042990935435823,0.23866901884257305,0.3388349376507508,0.4203322254681372,0.09883282066749717,0.8787168901852298,0.3388349376507508,0.21354834332798317,0.11465834143059268,0.9946666479784616,0.4684132641084343,0.31820564215686514,0.18502339990658148,0.14051634892655526,0.0
h,0.11108019759517616,0.46755282052260994,0.3303335221573388,0.4934785937242272,0.21074123311001802,0.5005388881648419,0.007503715738046929,0.23108856070411762,0.44004650896816616,0.11396045706065733,0.41886323954799065,0.05947419324870751,0.8217668376860968,0.11396045706065733,0.22180575458645777,0.05436574392985076,0.47152731087650857,0.4682684177111243,0.31820564215686514,0.18694627196080765,0.13201031912780067,0.2871576422341304
h,0.11947972213278583,0.4437737946166608,0.34678142860068967,0.4679440975593554,0.25731867547969545,0.5736978274609201,0.0631701213580157,0.2573344584821892,0.27975751566519547,0.37646548582541295,0.45235836201774127,0.07524088556405584,0.6114556985389077,0.37646548582541295,0.28870344612400256,0.166341261200505,0.41800215914982064,0.4295915687406849,0.3601917856305295,0.21242809662864126,0.17331778143511048,0.02043500017585879
h,0.24805774878318687,0.5845047285643326,0.4898364219631929,0.5449837939705101,0.2611887532921303,0.509777575382968,0.09557097329633124,0.3764038231597273,0.25156259949423554,0.31189421946820256,0.5720298006394601,0.44169609075598704,0.6162882590104096,0.31189421946820256,0.22780742296595224,0.16129389219043427,0.4334881079687882,0.6009230598472329,0.48205076254139717,0.24957504341697206,0.2153701634969203,0.02995152126405631
h,0.1925043664480901,0.5180848257627838,0.5833020893534336,0.47169401787757587,0.2063590042085181,0.5715967393307236,0.2048198922888731,0.46979909788993435,0.2639005468776703,0.0,0.49292240130574233,0.19991849041316548,0.656940175599306,0.0,0.30540409770568216,0.13732435278289915,0.5986394293295578,0.5350063797123918,0.40862681440971277,0.22365989749973683,0.18932257582911627,0.013841689530609042
h,0.1457045747521204,0.45621876212360996,0.3832310202807276,0.49356962308509067,0.17949087234013522,0.5005388881648419,0.0,0.36588088154207593,0.27975751566519547,0.331498367773839,0.4218090318383111,0.13781483695956556,0.6120814441579574,0.331498367773839,0.23672770977073315,0.12704617300058466,1.0,0.45651278079919655,0.31820564215686514,0.1992727046333311,0.13450877479203188,0.0
h,0.1457045747521204,0.4494880804151634,0.3832310202807276,0.49356962308509067,0.17499862468098606,0.5005388881648419,0.0,0.3666482142488476,0.3919070478812217,0.3388349376507508,0.42153578481841664,0.13781483695956556,0.6115144511820721,0.3388349376507508,0.5471111008711772,0.12704617300058466,1.0,0.28356917052236874,0.31820564215686514,0.19716548779096937,0.14051634892655526,0.2476107915788301
h,0.12226836436594975,0.4555140413293039,0.34986939154825736,0.0,0.17101499946920914,0.5005388881648419,0.0,0.4078976216529552,0.3131702285728589,0.3411040319472272,0.4200570820024115,0.11514788223360103,0.5292563565963259,0.3411040319472272,0.18319325367422049,0.12707278495657298,1.0,0.4684132641084343,0.28562596235725696,0.16153869190157003,0.1356231686752207,0.11349328160682423
h,0.14623790699527298,0.4632894426487916,0.3861188661490494,0.4530314190506431,0.17378025617445064,0.5157818200643179,0.0,0.36588088154207593,0.29864253670423835,0.3388349376507508,0.4219459651974652,0.1393700664575816,0.6115144511820721,0.3388349376507508,0.23658776778712912,0.12704617300058466,1.0,0.4684132641084343,0.31820564215686514,0.19273290806262475,0.112341614963192,0.0
h,0.1419623640218528,0.45621876212360996,0.37648492441444764,0.49246121263539483,0.17245590691938176,0.5005388881648419,0.0,0.3667600410465777,0.5495763938870858,0.3392075528880152,0.4219459651974652,0.1388957654244961,0.6103239590382552,0.3392075528880152,0.23622043986286265,0.12704617300058466,1.0,0.4684132641084343,0.3171235716541731,0.1533010437360027,0.14051634892655526,0.4570588863989686
h,0.11717448859318191,0.4099676303489328,0.6280990691210964,0.49353474325523605,0.1761715541363308,0.46325052321575483,0.03936534361612381,0.26112716116209367,0.27975751566519547,0.3388349376507508,0.4041366648978239,0.05336304563560134,0.6118199760821191,0.3388349376507508,0.23566667787770387,0.06031277739714255,0.9327722111615254,0.47494863658813585,0.2883271932450008,0.2024740370075983,0.031024154797133444,0.0
h,0.19155129557313,0.5190038785884314,0.6031320143765075,0.4927659376061105,0.14303096445183744,0.4199537225054051,0.007932743315950081,0.36588088154207593,0.06495784675946906,0.4870535269011681,0.44475902789418575,0.14464859675131927,0.6109368837515428,0.4870535269011681,0.23672770977073315,0.14411113729390215,0.8628945019203973,0.49198639479507833,0.34950067787586736,0.21748200558756658,0.1598733989777254,0.0
h,0.1728816658867774,0.37469732464390065,0.37689338863548055,0.3942905496909008,0.17423737438765236,0.40748649141089166,0.007038321405746203,0.3461731119657022,0.13048277745598816,0.14443702373325915,0.4219459651974652,0.14398900910746903,0.5740098388194624,0.14443702373325915,0.21521291699786843,0.12769102552241296,0.8356704637560037,0.46657548597357756,0.2867349237065919,0.1699407519256672,0.10488443598523191,0.12412580707032007
h,0.1292575042043079,0.433928636525543,0.3472204302023499,0.5077456593937116,0.15166042331860158,0.6575344938590196,0.27015959079173446,0.2820052840248052,0.27628078821341495,0.3388349376507508,0.4141924373446751,0.12680392514672323,0.6113519436337764,0.3388349376507508,0.23378790118400625,0.08598756440758516,1.0,0.4523152614839842,0.31820564215686514,0.18157111823001426,0.13450482962323354,0.0
h,0.17781174413734477,0.49383988856676925,0.4479678431022282,0.48254475101659366,0.18590434952898172,0.6745116387514525,0.30341392928501865,0.3331862190627243,0.27975751566519547,0.3388349376507508,0.4719043721251262,0.2532921709744472,0.6090635631179758,0.3388349376507508,0.23307312959804777,0.16189200944568727,1.0,0.5167638854331189,0.3838012874536033,0.21097938581070963,0.1736496734492016,0.0
h,0.1457045747521204,0.45621876212360996,0.3832310202807276,0.48014037271010945,0.1693888777610831,0.48926458696026187,0.0,0.3659678845810525,0.27975751566519547,0.3388349376507508,0.4219459651974652,0.014718795697712334,0.6120952019801216,0.3388349376507508,0.2713041501658282,0.12704617300058466,0.9777598754464807,0.28849658161457675,0.31048760775252865,0.19865258221772325,0.12955336548585386,0.04094040051865962
h,0.0996227498167679,0.5020845947283541,0.32320432107075564,0.47978910927091234,0.262371157109659,0.6949592385386019,0.251291080957365,0.30342235394939493,0.06310442055967523,0.0,0.2508094727979004,0.1099681836663356,0.5228353217977634,0.0,0.26752527113804464,0.09271706971801337,0.9402209212217215,0.44302185602224065,0.3112303487279498,0.19860137733579683,0.14051634892655526,0.036305817670318534
h,0.0,0.3777963357036367,0.0,0.5394683459825184,0.6549474768999085,0.29113266212569633,0.1485877980316564,0.1672863679755067,0.3937413448527472,0.3394830930043715,0.22795856123673996,0.0,0.47539241776037344,0.3394830930043715,0.3659893160996086,0.01336116313121453,0.1839190104549601,0.3271308190502962,0.2800438750684931,0.21505748366274555,0.11512457506448609,0.2043393321256119
h,0.19793339083555206,0.30591001869607326,0.6590269848409129,0.45911567921198176,0.7600081644932579,0.7656714221843703,0.33327291684330534,1.0,0.4237022371608566,0.13695272015957197,0.29580949884467345,0.29379869306918416,0.2861630120112916,0.13695272015957197,0.0,0.2633400169158583,0.710349817510126,0.3201089414108072,0.37543115123084286,0.13882336871057313,0.09850282223762152,0.27333564348386885
h,0.1450803062155579,0.4101795728335625,0.3767099765367539,0.49356962308509067,0.230691613455511,0.5005388881648419,0.0037375586992878605,0.36588088154207593,0.27975751566519547,0.3388349376507508,0.4219459651974652,0.13781483695956556,0.6288886083859295,0.3388349376507508,0.23672770977073315,0.12704617300058466,1.0,0.4684132641084343,0.3075931027119821,0.19949582432465493,0.13555843950109117,0.0
h,0.06383224204757047,0.19656456426104355,0.26467955290811296,0.49356962308509067,0.16871755600250712,0.5005388881648419,0.03099473258664826,0.36529649190106445,0.3895361247148865,0.3388349376507508,0.4079055377508018,0.1371877489251815,0.6108419203951363,0.3388349376507508,0.23672770977073315,0.12644521199970254,0.9995888442598516,0.4684132641084343,0.31820564215686514,0.18958809298271032,0.14051634892655526,0.247137478872321
h,0.11109892413871918,0.40439313506065083,0.3550663909285662,0.4859470891484555,0.16359562333649283,0.4379186465174282,0.11414692751129017,0.3125806194984083,0.30173375901139404,0.15872082569057708,0.35151000514972636,0.07879645073023556,0.4837853935301408,0.15872082569057708,0.17003208528718564,0.3964244475477044,0.2896001735688403,0.4485822137379843,0.15741057431708994,0.16673314024209906,0.1278066262924772,0.013146635680875814
h,0.14169406160502462,0.466876908854673,0.3593220332299733,0.5826572724572289,0.1812795168521013,0.5055031877764902,0.0,0.3838782288125978,0.20746510346935046,0.1377376764903504,0.41971576961523394,0.1244712676333772,0.5805262025196891,0.1377376764903504,0.2905012526223202,0.12603404299198792,0.541315887828607,0.4581972403918618,0.18786810495019912,0.20055065933771982,0.11752940832576914,0.01557214693151182
h,0.19216531763727393,0.515111486561702,0.4488056946591739,0.5349383193312448,0.139226401325115,0.5489496230845652,0.04745497665091272,0.3747716587255224,0.30905225459442276,0.33632164370834333,0.48709069991531556,0.18514954590973987,0.632303137325299,0.33632164370834333,0.21851625907512326,0.1505974665163185,0.9925648137297117,0.5335263042147783,0.40499185178951974,0.15151719073506661,0.1896636348855137,0.18751185297130765
h,0.09482687290402209,0.4512694594200948,0.3152588408625839,0.49624253476022445,0.16463237796169716,0.5005388881648419,0.0031307492716558943,0.3735316042105073,0.24204011890754623,0.21568441295564625,0.4209502697688366,0.13732687649332326,0.6465406045157643,0.21568441295564625,0.2436646009191274,0.11751146638974774,1.0,0.4154828011483837,0.3204292236245033,0.1998153807502524,0.12620467991233209,0.0
h,0.11653009449949565,0.3893290028933208,0.33594314211871673,0.4823025142870998,0.24588884887637438,0.726359466371766,0.34699539563017767,0.3077031931688039,0.2713163740317526,0.3238673960068142,0.2720525737920737,0.130241656747744,0.7202004969170939,0.3238673960068142,0.23040253688146858,0.12264940495849848,0.9455530378961695,0.34647497500463115,0.2633766539729097,0.1567383676559934,0.020256192475629917,0.16039332632038367
h,0.11087050727061308,0.34822438956858864,0.27690287347956755,0.4177626517102069,0.6879540003971062,0.22606521045479797,0.2113032052322601,0.7364224290776602,0.3387012998152697,0.016986938407015303,0.21045735280456934,0.12128622949034314,0.4616518675913022,0.016986938407015303,0.10696366532724667,0.29769027890359,0.11153970713949217,0.5071482925445012,0.3756225414699074,0.16854844405220068,0.1707891332613406,0.09632652582218322
bc,0.15094473913138798,0.46190133123932586,0.39351802511853234,0.47026228626678956,0.18137445067671476,0.5122233409641064,0.0,0.3691079403809264,0.2734335764742113,0.5956210212587024,0.43106949391882343,0.14065182467887324,0.6037725665761707,0.5956210212587024,0.22762331732645638,0.18841355219223785,1.0,0.4776130313058664,0.3253743649538019,0.20233094956488523,0.14476485513315504,0.0
bc,0.1457045747521204,0.45537307456829645,0.3832310202807276,0.49356962308509067,0.08623624255834393,0.5005388881648419,0.0,0.36588088154207593,0.2908294389527936,0.5097482596715448,0.4207790930747583,0.007608068797921011,0.6120952019801216,0.5097482596715448,0.23928184761142615,0.14984395094372788,0.4522891113263862,0.4684132641084343,0.31820564215686514,0.19879217489541903,0.14051634892655526,0.0005231196277230913
bc,0.35961018312371756,1.0,0.5026216178666318,0.49138041220792816,0.15698930768534905,0.46734967512663217,1.0,0.23874210600507517,0.2990211236327589,0.3470738631874815,1.0,0.45312463922543234,0.750837799997958,0.3470738631874815,0.2318464463015807,0.4471632945247189,0.9267712537688952,1.0,1.0,0.34263495469999095,1.0,0.057821231857769564
bc,0.13533086814732634,0.44872134263414265,0.36601831297458365,0.535571111608585,0.2010664750943272,0.7714818247685606,0.30383736685444857,0.42182607594665633,0.27975751566519547,0.23592435655580674,0.419649757598406,0.10593687753543514,0.604667948435964,0.23592435655580674,0.2321591148281474,0.12985544950620048,0.7239871800421493,0.5047898487157432,0.25686713016281004,0.20004126391554042,0.12151590290137128,0.026833242160815323
bc,0.3108206191512413,0.7577289458431736,0.5026216178666318,0.48205319813462855,0.05279944980508052,0.48284553739965974,0.671432228324927,0.7383550951042015,0.3327494411485561,0.0,0.7224463352962434,0.45312463922543234,0.6120952019801216,0.0,0.14241867880366316,0.22779581293604387,0.9591074638989099,0.7473268759447588,0.6768592542899737,0.29444704063143556,0.6381677017165481,0.09316656574007921
bc,0.086631208550492,0.40193057279592553,0.285088194107115,0.5064365138980649,0.18113556163331435,0.5005388881648419,0.050294275563176644,0.138538218014271,0.27617888574699334,0.3441755169265809,0.39167027125604703,0.0,0.6734176925668389,0.3441755169265809,0.23365065121871134,0.0,1.0,0.4669651361290509,0.31820564215686514,0.1943428415000457,0.12971167750324147,0.0
bc,0.13493781103863592,0.4458031321864569,0.35518957937282314,0.4562536005560391,0.21692165704601651,1.0,0.3239477787764204,0.6299694070976165,0.2602452792424011,0.0,0.4219459651974652,0.12854631326924995,0.614235579857638,0.0,0.18704260234080405,0.22779581293604387,0.45150838127315324,0.44762512805778804,0.3043842991705765,0.2055918971204141,0.14033414492470858,0.15304782271744924
bc,0.06687332913564147,0.5020845947283541,0.26352873350259787,0.4720355697232399,0.24796657318467452,0.6639475663291223,0.26757280011779755,0.27880841908910287,0.041887952262511303,0.2419144156344182,0.288148899801173,0.01705128883223218,0.31991276202066943,0.2419144156344182,0.1651097030292764,0.18393744362182568,0.37076498640434463,0.45875776242428423,0.31820564215686514,0.18093185141138501,0.14098083333575398,0.2168093377914029
bc,0.2134520754761282,0.5494523306741422,0.472891334605648,0.48946732979907726,0.2714642814256684,0.5164546957758831,0.07325301836998004,0.41511612917116664,0.27746133179751303,0.34260741279544404,0.5266196344158312,0.16631890445919967,0.6113127047902819,0.34260741279544404,0.2149241578217194,0.17635299528309478,0.4353406768316779,0.5648054299437827,0.43800587560385845,0.23060108466411436,0.2152771672225804,0.019543335661527515
bc,0.43756463712306753,0.5797081234478225,0.5534441040317329,0.43283526321236004,0.12687850180630955,0.5127273720069347,0.13482293103664206,0.5197732789427255,0.2795878781047093,0.2499174548353356,0.5741279480822271,0.0213436956648207,0.5951607037465338,0.2499174548353356,0.1942639027931236,0.20129687686965922,0.6030405005783384,0.5964118489724859,0.4856526737792019,0.24596539274931045,0.22065826982415895,0.18017909977734742
bc,0.24482594359282922,0.5960675931249176,0.4955497782728616,0.4717203062221029,0.15538610371867687,0.656185307763179,0.4775597610097281,0.4860329427542637,0.32946954330629197,0.38693154198421265,0.565484896023021,0.48327393336602387,0.6120952019801216,0.38693154198421265,0.20901066355770007,0.12704617300058466,1.0,0.6299790415546257,0.49843922881763764,0.2535012259279859,0.21564205078626322,0.15090958616409647
bc,0.12980431393979283,0.41275229890944715,0.3418894542337192,0.5362738907195135,0.11835624574903639,0.6556401042875113,0.27209254972850255,0.2472058272693134,0.27975751566519547,0.3388349376507508,0.41243273066553277,0.101743594475981,0.6927353907360516,0.3388349376507508,0.22704603929133668,0.07054158800767588,0.9955050432329081,0.40840614992407803,0.31685897292345433,0.19947097866324304,0.11939268305197673,0.0
bc,0.19726151688837776,0.5213940195365391,0.4796912459814056,0.3537945578272132,0.17890990559013684,0.5765740266558528,0.08334055389347925,0.4363284224445448,0.2893955103701028,0.3388349376507508,0.5101929526156995,0.0,0.7126185298104124,0.3388349376507508,0.2174757688264606,0.11725615641092291,0.9931339329008765,0.5447422443055554,0.44426624006300613,0.14401381318142603,0.19433950421577173,0.10878492396758732
bc,0.1192407072114834,0.44786945135993694,0.40809375563980366,0.5280585540568188,0.10709466212831427,0.5369310432823529,0.12304522632846852,0.3679413645727958,0.2741107980335026,0.37821484095757507,0.33394291565777484,0.16860947756562775,0.8075086256138218,0.37821484095757507,0.23609972966257148,0.1288759478760898,1.0,0.4973260108740373,0.338697712010978,0.17140732975698955,0.1524918940799084,0.031152603238609806
bc,0.04289621522109071,0.4099676303489328,0.22860225647670795,0.45944974224158286,0.0615690922170036,0.3543978251575958,0.062141981938405824,0.20563247676124105,0.37985176692142125,0.3442367581691107,0.28579125126571664,0.0,0.32263704833243173,0.3442367581691107,0.18764606932936248,0.04515846366220226,0.22814033398365893,0.46720126045223237,0.31185908820718256,0.19534838426677556,0.14098083333575398,0.221904718189672
bc,0.39929132986313376,0.6701266170702913,0.5953150538086069,0.42315288190992456,1.0,0.15369794348127142,0.5653149009741908,0.5775841007375699,0.04264901688324092,0.4910874955014973,0.0,0.44281753785070843,1.0,0.4910874955014973,0.3941349239862608,0.22995777109103893,0.2109923091176083,0.6578859777522519,0.542561676993536,0.30144079196968415,0.22600915660053977,0.11349328160682423
bc,0.268933647599244,0.0,0.5026216178666318,0.5520417752147783,0.16419648225938174,0.6949342698779442,0.4312387863866964,0.36721896332182724,0.12277670996107418,0.3388349376507508,0.597629771905372,0.4609447237961351,0.6909531808730858,0.3388349376507508,0.3659893160996086,0.13085602360256782,0.9997460193867841,0.6313187972442379,0.5204145498788411,0.5302733859084202,0.22570188049195117,0.15733674526489233
bc,0.26912170481249476,0.6366721879008083,0.5026216178666318,0.7568654372636444,0.2703578903531563,0.6269473165896065,0.4630987650596141,0.4782544412574091,0.21368010829281314,0.17650178763660243,0.6083283010115484,0.35632839772417074,0.6147957785625414,0.17650178763660243,0.23672770977073315,0.16739363275280705,0.6407706206140668,0.6394030779226593,0.5460189257574746,0.2585096219890656,0.22570188049195117,0.08880054408358444
bc,0.1874217130736085,0.4999280360981981,0.42609439949560457,0.49294261466173317,0.16857806110368093,0.7124155450032497,0.32723796805965727,0.43207351333059907,0.19188367510981816,0.28910896030949895,0.4640038802743685,0.23765445100561788,0.6052530814414128,0.28910896030949895,0.21442527894634048,0.07793678844525338,0.9978508759548337,0.5112314257379851,0.18761709896247,0.21825789287026964,0.16932098545227858,0.009633280366157897
bc,0.1986638239014906,0.5265746005752941,0.46108153154157666,0.4967481734094547,0.13822182676601874,0.5020506974721253,0.07099573096452538,0.37087953090690745,0.31795900744045363,0.28683667098382143,0.5034733260477968,0.20823969339555626,0.6238337866132598,0.28683667098382143,0.2324513757743102,0.12704617300058466,1.0,0.5493105222864019,0.42304120425173125,0.23459677413386848,0.19667243229778786,0.015014887587365564
bc,0.11663677613177659,0.42417454399248666,0.35008215293866335,0.35824314971842225,0.29841864259557177,0.5853919920319741,0.05208810888804275,0.5658232566486052,0.45236882761298586,0.4458102074328708,0.29191775380682317,0.1335892205422812,0.46432749722794797,0.4458102074328708,0.1566737506259854,0.1863606650878805,0.6116989939346236,0.4702666698759958,0.23187357989506727,0.1811671219961768,0.13680176491281404,0.24470268380652557
bc,0.10354107513378079,0.17749821432706725,0.31499530920628,0.4880233550909211,0.13221789072993004,0.6910369277126391,0.29292523100761153,0.24799996136037167,0.28568105578451086,0.38320657852968487,0.4059574273465271,0.12835098109101814,0.4982376936883131,0.38320657852968487,0.1821755174785178,0.06790606412565604,1.0,0.4667882562113699,0.3142910133416962,0.19024931605020853,0.14062760472092936,0.022527058390833132
bc,0.1548715058055083,0.4260630982660673,0.38048785778939753,0.489418534836434,0.055985074948837206,0.5005388881648419,0.06368027620257774,0.3634467178531385,0.2105800667098269,0.21502710247450102,0.4167967755681572,0.09530933338216974,0.6245583624109642,0.21502710247450102,0.2422671986435592,0.1351284434452704,0.32072206966071537,0.4639043611088207,0.27685831818143347,0.18562176817108395,0.13263746782250138,0.014115157518421947
bc,0.2083816025356788,0.3433658613334732,0.4765898802170543,0.4929696666732612,0.3817313119379671,0.6364932690325159,0.4204897228578012,0.28911735935126825,0.4033882930270647,0.0,0.518049833898832,0.3258827884572619,0.7241255090336843,0.0,0.31593190527560255,0.3512278783789604,0.9684646424787907,0.553969027628077,0.4285109873529525,0.141680072483017,0.25303726620438804,0.18958008605944374
bc,0.15137832269531495,0.4292064087731413,0.3872862334037962,0.49356962308509067,0.24713972993256592,0.5005388881648419,0.006010261968713192,0.39789002869701356,0.27975751566519547,0.395329524979727,0.41886323954799065,0.13832064420467902,0.6454016416301408,0.395329524979727,0.2647710759259908,0.1273512854315574,0.2183594791947267,0.43030940888628966,0.31820564215686514,0.2038485295371545,0.13724114367683324,0.0
bc,0.3242958168409076,0.7100653463951656,0.5026216178666318,0.6085513171586318,0.423567975580653,0.5281074895777448,0.6882878410193031,0.4969558291058782,0.07153908137683693,0.4299169127151949,0.6819515281672172,0.3466795078235315,0.0,0.4299169127151949,0.03890064862630826,0.1653659975914433,0.0,0.7138508419650729,0.6312412912094126,0.3253077454588245,0.2393256986999216,0.02451978020958722
bc,0.17436163870937949,0.49096185399353726,0.43111824740479027,0.4264615053341295,0.20682594689389128,0.0,0.14334027587014012,0.31031977029823105,0.27975751566519547,0.4084205698243485,0.47183184205760936,0.15464632264309525,0.5504764872217032,0.4084205698243485,0.21005162866957397,0.13332490802189975,0.9968302180238297,0.5119887612995923,0.37989577746328645,0.21020859721616986,0.10749417346574046,0.0
bc,0.24163983569404496,0.5889593989624546,0.5160521168685887,0.4863759603759301,0.11383377219698712,0.518943797618744,0.07285331742428561,0.36588088154207593,0.2791860315022416,0.34262095609330806,0.5667903590027197,0.33045317088250775,0.6094761772710865,0.34262095609330806,0.276602765343137,0.12704617300058466,0.992805601654543,0.6011714798669936,0.4818326186213611,0.24190015543920998,0.22570188049195117,0.030455912068088807
bc,0.15676998125488997,0.46493311924740466,0.406288728939077,0.5009725344597523,0.13805933487075525,0.5005388881648419,0.028551769315407944,0.31031977029823105,0.2690235578175847,0.36603411781028855,0.43556903491829874,0.26684330530908296,0.6161645643787064,0.36603411781028855,0.23635777114230797,0.1289823662835487,0.9989984341664264,0.5019634323109422,0.3458821241597742,0.2068881238729292,0.03612348014601577,0.0
bc,0.1503507697262221,0.42305074636647694,0.39671115461985,0.46151537247845825,0.18003921821169785,0.5068952827760878,0.01720731656553566,0.33705858006336725,0.2710622061115046,0.34023411727395686,0.43106949391882343,0.06605473397631415,0.5892687207818147,0.34023411727395686,0.22880623762127728,0.16471136364678313,1.0,0.4900939295940673,0.3168905583862972,0.20321611293477126,0.13870314988030916,0.04233420258442657
bc,0.12415841131990002,0.4596635320680162,0.37585653117733653,0.5346409500813226,0.1809754020555562,0.49843688255324375,0.11929257284899673,0.6744606602882243,0.29815764304713027,0.2123992854486131,0.3574043636509634,0.13406108137570133,0.6782687650260779,0.2123992854486131,0.18524651024188374,0.22510664389210006,0.5415727694724589,0.3931786769319922,0.3028309086057737,0.16250318066545838,0.11775707369840582,0.0
bc,0.12216930748265338,0.4545779624140874,0.3504517904199741,0.46118900153557196,0.17602980686751687,0.5281074895777448,0.0,0.3679169907780194,0.27975751566519547,0.3388349376507508,0.3982853429981025,0.18528786171810582,0.8265062920174873,0.3388349376507508,0.38112859628078755,0.1582471522671009,1.0,0.46675641295634274,0.3116475496908052,0.19991350429643823,0.1294347347538467,0.010139796881188223
bc,0.08509063458875592,0.40721226959018597,0.3021155788373181,0.49548258686796953,0.2646256846171093,0.5596428051393743,0.0015963115456354058,0.41277801038773854,0.27846475958248534,0.19346458818435022,0.4219459651974652,0.13781483695956556,0.6118780054994596,0.19346458818435022,0.21984500473300508,0.17766190413788685,1.0,0.4684132641084343,0.31820564215686514,0.19950983988678217,0.13950019217606172,0.0
bc,0.1398689257363244,0.44934159654483213,0.3692507771384114,0.49356962308509067,0.18194646042608084,0.5005388881648419,0.022057341672055825,0.35297904913451666,0.27975751566519547,0.18572130717828125,0.42104502365531693,0.13167939305096574,0.7012796413813221,0.18572130717828125,0.31449593957037225,0.10666653148165837,0.40696070494189823,0.5064242069480852,0.31820564215686514,0.20331767091855235,0.30202007085170923,0.11349328160682423
bc,0.019906550509668004,0.3912634345869896,0.19701474994055823,0.4940074090466981,0.17927384835879281,0.4524462691343111,0.10745315566207338,0.7783821948325363,0.2967208952788644,0.3622447612713148,0.3140547478752994,0.0953408251096125,0.6120952019801216,0.3622447612713148,0.1379504474054999,0.24073983815248157,0.9122214395577232,0.4282581829701179,0.3157103684320278,0.20641399448337616,0.132586309362854,0.05493500305844592
bc,0.0695106287627667,0.3396713144604676,0.27447039879371915,0.4938079980907722,0.22966927075717478,0.4363499887606471,0.04578934845585862,0.45259639174616084,0.37967598196530183,0.3412482949744444,0.427096586479767,0.13463612325713264,0.6448868314231269,0.3412482949744444,0.2523614648511972,0.15685779295215066,0.6506862014811934,0.4562423964796552,0.3323768742177379,0.20233094956488523,0.10554934478041865,0.23612632121692306
bc,0.25493078205954905,0.60489677613315,0.6135726650915855,0.45606766271827726,0.013873077097678332,0.692409415953868,0.4445234883628928,0.5334815044003871,0.17173039486022212,0.43604053974943063,0.5732163418304399,0.3466795078235315,0.5801206500552101,0.43604053974943063,0.16736520300462232,0.19359118081690352,0.6095260952549205,0.6089145354898503,0.5295915268947446,0.25923712066088467,0.2548874197666629,0.09220072809617419
bc,0.15096106464175782,0.44273037545399047,0.3771801043408439,0.5121419885955527,0.14172767098489664,0.5005388881648419,0.0028710423173317983,0.4419405805856809,0.3160929425320922,0.446392971571848,0.4058664972785247,0.12018152008124316,0.6776425876652714,0.446392971571848,0.21569004195406652,0.1250625196348107,1.0,0.4531835892300065,0.3109176295815881,0.20013483050668565,0.1346396319331372,0.0
bc,0.17458683137231454,0.4972328562707234,0.43294095065657484,0.4924431802464424,0.1876966161579356,0.5710915450239579,0.04759797528162077,0.45795860025912005,0.2652308727662822,0.43834736256470724,0.4770187843993044,0.1582623887230243,0.645779239928315,0.43834736256470724,0.204215533557861,0.13612621490204743,1.0,0.5231526405048669,0.3841844861377705,0.21178527547553835,0.17977962301700712,0.0
bc,0.14885128436724787,0.4808442106214085,0.38323728648066285,0.5137922228512875,0.18293678750620967,0.49360545767410396,0.0,0.36588088154207593,0.16492704315463885,0.3412482949744444,0.41365745565890244,0.04390161577490647,0.5603248568839296,0.3412482949744444,0.2212813626746918,0.12704617300058466,0.9827887032699205,0.46588822970220894,0.31262832405536484,0.19343466438373325,0.07389059791573403,0.04049718474660497
bc,0.21846087828894292,0.5853366358970068,0.4858600072937596,0.34945666363643596,0.5155261057065995,0.42412691359492033,0.046808146334652134,0.2936060532058795,0.21718986821338662,0.3975764171144804,0.09776647544074125,0.32485083623938094,0.5968990620831816,0.3975764171144804,0.32015236159736715,0.12716102102890145,0.20397648343114352,0.5694454032124382,0.470921038487441,0.24365273059256862,0.20358585565385995,0.11349328160682423
bc,0.22183476059373478,0.5535499631701148,0.5544808673320744,0.5248404227433546,0.2703578903531563,0.6038089386812238,0.16655090804504585,0.5552103281968918,0.05484979724185964,0.08634549874769838,0.5023738269060666,1.0,0.6185625334006556,0.08634549874769838,0.1475958869490789,0.19017132291122968,0.5587522506357018,0.5532492049820801,0.42659909893804704,0.16307386832919177,0.048912267562610655,0.06781294242307777
bc,0.1877892114559935,0.5106532977324729,0.4492211980232769,0.49356962308509067,0.18194646042608084,0.5005388881648419,0.022236088072264685,0.36588088154207593,0.27975751566519547,0.2637331154661437,0.488336458736604,0.15500286524388837,0.6272471031832795,0.2637331154661437,0.23672770977073315,0.12704617300058466,1.0,0.5318517006949719,0.3997372029092162,0.21631738377375173,0.18627001708492086,0.0
bc,0.25534245119851173,0.591364082577448,0.4990545706357458,0.49356962308509067,0.36094615038151645,0.8212325948404378,0.38464217249155397,0.4369666896184909,0.07094210163269975,0.06113577501985094,0.5475830727132744,0.3675973264150971,0.8857835762112407,0.06113577501985094,0.1844431564996217,0.1322295724414603,0.7849439750620564,0.5859335985234456,0.46856322054864924,0.24627929851812122,0.21462078260987566,0.053471679201477065
bc,0.17502674758956627,0.49379405012840244,0.9907627471094133,0.4109536765739692,0.423567975580653,0.043819090472245706,0.06721900845973774,0.524491401088025,0.14080388932868376,0.4007765294901233,0.2861833194851314,0.2551227467425821,0.7241255090336843,0.4007765294901233,0.1555911667635904,0.2593328043336726,0.0,0.5110301913150564,0.3344601966346488,0.21570860418925758,0.0,0.0380169236818837
bc,0.13008044817845332,0.45691716285148093,0.3598765077565155,0.49356962308509067,0.17176559072953088,0.46459308599789256,0.0,0.3805310775169705,0.2835765970254173,0.3388349376507508,0.422294582791164,0.1149602162158021,0.6104459689812837,0.3388349376507508,0.22846398374513555,0.13324960813269462,0.9348483349695715,0.46714762451189745,0.3199076953633901,0.1998153807502524,0.14098083333575398,0.0
bc,0.14580369149534897,0.4537974584007762,0.3864469906957595,0.46976351862537563,0.09553918024133314,0.4852169012662987,0.051137855523223745,0.3490611453493595,0.3387012998152697,0.0,0.4205989032640155,0.13781483695956556,0.6501996048350622,0.0,0.23370938882519904,0.13409184438830163,0.9653683410140044,0.4684132641084343,0.3070948668034656,0.2018513466631065,0.14051634892655526,0.06116089375286216
bc,0.12364774485896855,0.47504782278705965,0.3717521564096321,0.5036058886447357,0.09696843887559489,0.530775687788118,0.06355331563609336,0.4827441459468392,0.17374306131370268,0.3413491629033172,0.34184704619092743,0.13831086765404305,0.590057684985084,0.3413491629033172,0.19037310747713673,0.17056216420989304,1.0,0.48008513677931464,0.31820564215686514,0.19912971291396983,0.14016393461282023,0.04202241118252061
bc,0.1457045747521204,0.44749197031459426,0.3842202873146228,0.4592361699057217,0.17676148750040566,0.5114154760545259,0.0,0.36610444103003126,0.27975751566519547,0.33562733280405577,0.4219459651974652,0.13781483695956556,0.6120952019801216,0.33562733280405577,0.5413646377534058,0.12792786424069968,1.0,0.4678276008318931,0.31820564215686514,0.19944831183923545,0.11548582274485514,0.0
bc,0.1350245507068095,0.4703442322575749,0.38858160870687186,0.5055544819136676,0.4418026262369631,0.5005388881648419,0.07596316614843905,0.3641776884851631,0.32702788282660067,0.3388349376507508,0.3876008076671566,0.2930420934836636,0.8026602886487921,0.3388349376507508,0.23719474406065155,0.12453106383047503,1.0,0.4146325322431746,0.32451651988634506,0.20598423833004856,0.0,0.0
bc,0.08886404071173518,0.3326797663421245,0.29950369443770464,0.4744941296328306,0.46566119809645484,0.8783927223879942,0.31674132181384396,0.6547015123709435,0.24376800755021694,0.3680901430196193,0.4137653866430375,0.08377829658232307,0.20521743773888262,0.3680901430196193,0.060484922594665105,0.24250104222042648,0.842298092160061,0.4684132641084343,0.31187134031851194,0.19399248941095787,0.13880315111192457,0.0450746781076077
bc,0.1367815213529937,0.44471199437242603,0.37540466086602703,0.48114528614323376,0.17041223143841816,0.49392199791184616,0.05602812351756955,0.3269196475964098,0.35002999502304255,0.3388349376507508,0.4318511529425487,0.2738245409122369,0.6687160233825503,0.3388349376507508,0.24233413778948223,0.1271921655668888,0.4452008361501933,0.4446042343619525,0.14909040836914406,0.18393386363518285,0.14904001046143633,0.17825730574799328
bc,0.13734517962630274,0.390526049888904,0.361377256443765,0.8090192296822909,0.18293678750620967,0.5005388881648419,0.0,0.6918497772583929,0.2673329921609142,0.3388349376507508,0.41887209345177573,0.12917880223986622,0.6120952019801216,0.3388349376507508,0.18289893181883107,0.24250104222042648,1.0,0.46551443944104154,0.31820564215686514,0.19564034037669634,0.09300067606838915,0.04789393847230729
bc,0.1946996261660154,0.5212285136332322,0.5605859300736322,0.46307940354823607,0.1555042354470231,0.4335419491765818,0.04661559395564253,0.35431159100102233,0.3243035165568017,0.26177512654337814,0.49516506762606444,0.1641531534246081,0.60597409596885,0.26177512654337814,0.25436422378577034,0.13471760522519838,0.8952257536668041,0.5398287382412266,0.40839697079838383,0.2279555290786048,0.1899278080929294,0.03532063858491551
bc,0.15908818937053532,0.42727167575028274,0.3993215271917795,0.4862388311222659,0.21914089024053712,0.5005388881648419,0.07879590994710681,0.3625050000417285,0.27975751566519547,0.250099710275395,0.44134678542325856,0.19301356013837412,0.6677088255695027,0.250099710275395,0.23167345564920866,0.30678631616198654,1.0,0.48224530532150683,0.20964599911017173,0.19466447646447813,0.0850797001316715,0.11349328160682423
bc,0.14571649550056595,0.4529409870143588,0.3832310202807276,0.4888822924530422,0.18362257620348255,0.5029728350125384,0.0,0.3662608440230821,0.27916895648856094,0.3388349376507508,0.4212405684902432,0.14188095088350608,0.6116056696894676,0.3388349376507508,0.23291767246127312,0.13547599339224672,1.0,0.4645672072432935,0.31696463981667616,0.1994028700233801,0.14062640579219315,0.00242279132255713
bc,0.14411618915226665,0.42510341640397503,0.3832310202807276,0.5034013296532345,0.19503251922154025,0.5005388881648419,0.005177743193284762,0.3439939134207273,0.29754691697666297,0.3388349376507508,0.4139166085499843,0.1378902668526185,0.4643454427023764,0.3388349376507508,0.17176741561792977,0.15027490244091501,1.0,0.42617664341203204,0.31820564215686514,0.17075415599743754,0.1398964378417222,0.159184494867701
bc,0.1993389511330407,0.5371712355259398,0.47326391068651413,0.5817948550954561,0.18587214858317716,0.5005388881648419,0.051155364852238046,0.5677610931758341,0.3028318961559738,0.3511602808930915,0.49923279135199916,0.15924906182935386,0.6118868686932645,0.3511602808930915,0.15445602675534748,0.1943947855079966,1.0,0.5496366362360732,0.18159048375256304,0.23031115836752808,0.19184944106080287,0.020664185970120635
bc,0.14373771768868815,0.412014972721872,0.37807628891515827,0.4925845540734443,0.1722575841655429,0.32662280750359274,0.00032756634464440975,0.3616049733635742,0.27975751566519547,0.3388349376507508,0.4111329253569582,0.1353582808518524,0.6120952019801216,0.3388349376507508,0.23672770977073315,0.12141359466637162,0.7918276201359988,0.47172823609790066,0.23491209636227628,0.18715418785335008,0.11814436217426733,0.0
bc,0.15005391156636125,0.44341377894361916,0.3832310202807276,0.49356962308509067,0.0,0.635152292830052,0.2600188550247812,0.3660913620958699,0.27975751566519547,0.24301321219189825,0.2565028648838471,0.13781483695956556,0.6262070473660921,0.24301321219189825,0.23672770977073315,0.12704617300058466,0.991665462335699,0.467552688877356,0.31820564215686514,0.20055065933771982,0.12302909745372968,0.0
bc,0.1445289158048052,0.45131880715971534,0.3794358929526113,0.4927762236457939,0.3792885480051476,0.5005388881648419,0.0,0.3641776884851631,0.27975751566519547,0.3388349376507508,0.4199289581694104,0.13692849212948346,0.6377071524855124,0.3388349376507508,0.23665181419589335,0.12478530874400644,1.0,0.4684132641084343,0.3174694788964735,0.19883523459130845,0.13952441501535456,0.0
bc,0.09544422044659051,0.2706257959527921,0.3033241255617419,0.5759616280948294,0.5928465824677466,0.25613615602864814,0.14354600912140908,0.5095918772558451,0.7678092198820269,0.44294275803192773,0.20915314047765043,0.0,0.3342847282687152,0.44294275803192773,0.11958372349013163,0.18356869338784265,0.7317845166461088,0.34683862237683755,0.26061911630086676,0.06356246761281456,0.0,0.7390622044862416
bc,0.21386341675172088,0.29319966371401884,0.47131004533713555,0.5488648913761803,0.2059190969749232,0.5005388881648419,0.14836372384151217,0.3758611701518315,0.3387012998152697,0.18572130717828125,0.5170223694895051,0.18326842681913208,0.7080214554434698,0.18572130717828125,0.217252135631993,0.19120350154294424,1.0,0.5726500499614319,0.12578578433645712,0.25158190453010404,0.0,0.0
bc,0.142241290304614,0.4435187631675124,0.38561897543640006,0.4925845540734443,0.16748226557668652,0.5015721410557366,0.012588646951224214,0.3664060448192042,0.27975751566519547,0.40969013634600826,0.41259728472339047,0.061656107655221885,0.5906547692983142,0.40969013634600826,0.2292191044532902,0.1287634544001576,1.0,0.4684132641084343,0.31820564215686514,0.19948923755599232,0.14051634892655526,0.0
bc,0.1183742063345461,0.44304281808685764,0.3832310202807276,0.49356962308509067,0.21581558515920088,0.49868848686370476,0.11929257284899673,0.36588088154207593,0.27975751566519547,0.3360584709693329,0.33674452181868353,0.13781483695956556,0.6132191800179826,0.3360584709693329,0.23747263390074846,0.1358167821965108,0.997201278993652,0.4684132641084343,0.27250508691619174,0.17860189410847746,0.14051634892655526,0.0
bc,0.1430839933445571,0.4535585648104889,0.37694165685280073,0.3290764561936272,0.3366824146001731,0.4837784628639995,0.0,0.36015329573328636,0.2791860315022416,0.3388349376507508,0.4216596645303404,0.1349117470643071,0.6094429228806334,0.3388349376507508,0.25460648803195546,0.11869886518659124,0.9680972876350691,0.4640924192203838,0.2905247736702836,0.19953994908756084,0.13971743097645284,0.11349328160682423
bc,0.046790627692535024,0.5396974070626698,0.2326147874921956,0.5044619050567579,0.38998134610549595,0.4880631341261186,0.031498223477589765,0.43873776224197764,0.40840525372393205,0.3388349376507508,0.49326234017296283,0.26080534362520147,0.5529199078153215,0.3388349376507508,0.18063017927304206,0.25622832733697015,0.42408332395675086,0.5420875593877421,0.40498211482493723,0.22301375288203187,0.19243465076985292,0.2599245648268916
bc,0.14529837134441204,0.44705901098504885,0.38531771555731625,0.47015156665692903,0.15048871860314206,0.47659282069283015,0.0015410602505482103,0.33761004799631955,0.39030297390563956,0.2279350958237601,0.4118286250048982,0.1371101420709942,0.6103239590382552,0.2279350958237601,0.23267132439407426,0.14056154638014506,0.42051615304435686,0.4301486504570427,0.3070948668034656,0.1969826864791335,0.14067383841031936,0.1890495935151162
bc,0.14434584559154046,0.44456648239969476,0.38196615136030887,0.48541829092943334,0.1377614906951591,0.3888296645933118,0.22281635047214396,0.37210226920292366,0.27975751566519547,0.001390089757163859,0.4146371094609936,0.08917858713667742,0.7729340570400546,0.001390089757163859,0.23472693615079407,0.1683628492504733,0.8406568240233854,0.4017556194672864,0.29763865352172314,0.20214152200408278,0.06840254516046142,0.05481168014298229
bc,0.15559527013818833,0.49247618284723776,0.39705148128226286,0.4863759603759301,0.20381199454208276,0.5005388881648419,0.0,0.3601886780990635,0.1385815116569172,0.3388349376507508,0.42669135147304144,0.2254745583734675,0.6055034560979046,0.3388349376507508,0.2314403703900802,0.12704617300058466,1.0,0.4720525892498841,0.2760957920583782,0.19606019790603008,0.1434500596410132,0.024482383523218288
bc,0.07288665812125002,0.39379413819737397,0.271999062892809,0.49356962308509067,0.24245799834507253,0.6158159850731217,0.24470002422739942,0.11161867775180725,0.27975751566519547,0.3388349376507508,0.42091544671604153,0.0888380402732337,0.6115144511820721,0.3388349376507508,0.2320775190850563,0.0,1.0,0.4640924192203838,0.31820564215686514,0.1838445856268807,0.1300389198128857,0.0
bc,0.1457045747521204,0.4513154937421653,0.3832310202807276,0.5111698777269981,0.18985065237298762,0.5005388881648419,0.0,0.36588088154207593,0.27975751566519547,0.3388349376507508,0.4219459651974652,0.13781483695956556,0.6120952019801216,0.3388349376507508,0.2548586200024323,0.12704617300058466,0.39267253058883744,0.4684132641084343,0.31820564215686514,0.19953994908756084,0.13402380737077113,0.0
bc,0.08777904786045138,0.4191643540801583,0.2865499679487796,0.5136097069752029,0.2462700470039975,0.4382975592116605,0.0,0.182519339997427,0.27124028541168727,0.33975133712088695,0.40739568107573243,0.0,0.81648254047297,0.33975133712088695,0.23672770977073315,0.019593178872426127,0.883421555907205,0.3204651225010584,0.31820564215686514,0.19109196453205796,0.1408688718368497,0.0
bc,0.14568874511169508,0.45335667210481234,0.37967393601900856,0.48349196997910643,0.14577566193309344,0.5005388881648419,0.0,0.35987038599122245,0.272427025636049,0.3442367581691107,0.4219459651974652,0.06598518436523865,0.6957696665669447,0.3442367581691107,0.3659893160996086,0.11808009926334438,1.0,0.4645019067658923,0.31196666635113374,0.19783184937251821,0.10749417346574046,0.08565939030126636
bc,0.15209300150558314,0.46008557811834055,1.0,0.4925845540734443,0.18194646042608084,0.5010388620057733,0.0,0.3171693287145813,0.7667879527072978,0.3388349376507508,0.4219459651974652,0.13781483695956556,0.6076602517358106,0.3388349376507508,0.27054297548544515,0.12704617300058466,0.4023229275019139,0.4640924192203838,0.31820564215686514,0.19953994908756084,0.12367224519632013,0.7286270824170904
bc,0.14623577269479054,0.42554801929929836,0.38335936005710675,0.6764671290120072,0.11828182043407745,0.5005388881648419,0.0001584835275415074,0.3700800628963096,0.3842010127530274,0.3394830930043715,0.40606931251524236,0.05408246032874909,0.6697057144819067,0.3394830930043715,0.27637673459908324,0.12704617300058466,0.4350322309189894,0.4267043523980971,0.21416793788033706,0.19738298555535522,0.13859152799387142,0.22829540539577756
bc,0.14905732611500375,0.43582489180248435,0.3842202873146228,0.4502525447949197,0.2703578903531563,0.5069232551802437,0.0,0.42993058294933123,0.24081469841601402,0.3388830098832806,0.4206358827703817,0.20492825465112785,0.6454652331086386,0.3388830098832806,0.2177677675493297,0.35996513770254734,0.5480775899931136,0.45232579474336204,0.2956036523210065,0.19255733878181877,0.13676712196396967,0.04229447926072687
bc,0.02928367023847756,0.4401908671468943,0.2021386730358614,0.4763050865183253,0.16980751252542353,0.6201272834316579,0.254162497525759,0.34701913470067053,0.2751539461718403,0.47009387945316383,0.41574245948709837,0.12799827985299816,0.6116056696894676,0.47009387945316383,0.2722712782274939,0.09433038428059495,0.9938331855783201,0.43693297882787724,0.31820564215686514,0.20843001973974187,0.13003747755066927,0.026415599145026936
bc,0.15242089434003145,0.479910953741477,0.6303591262750322,0.3756262487004668,0.19962472703121373,0.15269146768120875,0.25143370162375006,0.39289177953328225,0.1743909530687316,0.3700006125564232,0.4180094516637513,0.16153249990525284,0.676082792219632,0.3700006125564232,0.23572911580433026,0.13228218666893432,0.7676077467659842,0.43032308994387913,0.2832345664452709,0.18926921751434456,0.12320498880516398,0.10285594927385043
bc,0.09642076282682874,0.44512107289503144,0.31910976656677714,0.527776387944988,0.1823127856909606,0.3930959584723014,0.08490415510746252,0.3322899417662827,0.27975751566519547,0.3388349376507508,0.41390148682229416,0.13916954458562594,0.9012310633990118,0.3388349376507508,0.23069218949657316,0.12434873702626098,0.8286421484945774,0.4670744639384238,0.29153530238865694,0.20327200537726203,0.047954601297630746,0.0
bc,0.1498307087654671,0.4889599731724349,0.38220472147490075,0.4889961784781162,0.17101499946920914,0.48267155406269907,0.0,0.3702186925985122,0.1250467290697758,0.3388349376507508,0.41856727953060435,0.13799498573456423,0.9030321939668756,0.3388349376507508,0.234231579360558,0.12704617300058466,0.9641499896135252,0.4218320650801615,0.31650953608032123,0.19752559113164722,0.1048180439198821,0.20862599086371542
bc,0.1522868480473888,0.47749562524688255,0.4052655348258669,0.4577213947431726,0.21849445940680923,0.674594466969147,0.21619277196433148,0.42313405927638964,0.30385884229306626,0.3388349376507508,0.3606167638778125,0.08180578887288278,0.842686829829237,0.3388349376507508,0.23662245394497844,0.1620104431517455,0.5986394293295578,0.480115757218516,0.3468100265291341,0.20786524180681673,0.15833840072623084,0.023113380406483842
bc,0.14811046071397752,0.4118160265901665,0.3832310202807276,0.4985785932402355,0.1796691353358854,0.5005388881648419,0.017889060634704693,0.36588088154207593,0.27975751566519547,0.23531499616833554,0.4111609100967355,0.14015302143779015,0.6466530556593043,0.23531499616833554,0.23672770977073315,0.12704617300058466,1.0,0.0,0.19355816304727613,0.19991350429643823,0.12784447038157942,0.0
bc,0.1477730387248973,0.44994580751917973,0.3832310202807276,0.49356962308509067,0.16673941704044878,0.5005388881648419,0.0,0.36588088154207593,0.3921392873416724,0.3388349376507508,0.41276269486287426,0.2549380245147618,0.6063327589771833,0.3388349376507508,0.23672770977073315,0.38799791488881946,1.0,0.4097501086922648,0.15398929628373978,0.19994514038201452,0.13783773745853112,0.2557880467701775
bc,0.1192407072114834,0.45621876212360996,0.3832310202807276,0.4571691168548011,0.17755537096434637,0.39252443341808996,0.11414692751129017,0.36588088154207593,0.2835900313541552,0.23768658698806147,0.3439786390258963,0.13675105236299176,0.6306102568173284,0.23768658698806147,0.23672770977073315,0.12704617300058466,0.8387732875114017,0.448728301745708,0.3087935031478966,0.18522180473409328,0.14098083333575398,0.054323419595398305
bc,0.13748777016016359,0.46857405144989855,0.36195707218801804,0.511865220792842,0.22196835102461127,0.5005388881648419,0.0,0.3387349376086968,0.22179448618124709,0.3388349376507508,0.41623173016101067,0.12894842510460847,0.6120952019801216,0.3388349376507508,0.23672770977073315,0.17357029189330522,0.9981637249657005,0.46575863013921925,0.31820564215686514,0.19991350429643823,0.14051634892655526,0.0
bc,0.1433379767686026,0.4526317601033416,0.3851990856333088,0.48898919758273884,0.17783032933765872,0.5930254947899862,0.020198004555413162,0.36588088154207593,0.3387012998152697,0.33061829239150087,0.40616172116699345,0.13781483695956556,0.4338780050561381,0.33061829239150087,0.18071649715287272,0.12704617300058466,0.9331328121070311,0.46633227817442113,0.31820564215686514,0.17135406589767382,0.14051634892655526,0.013002383228776927
bc,0.1217265761870797,0.44973031844155104,0.6833258078888069,0.47662220243728076,0.2592274586221383,0.36317011171794356,0.0992436162943905,0.6423772530592182,0.49455446922328605,0.45821757661367213,0.3140547478752994,0.013491585958700064,0.6516931966494095,0.45821757661367213,0.3140067041671666,0.22510664389210006,0.7796527718403216,0.4693327841442074,0.314930768268449,0.18611095332842187,0.13583797642853618,0.379145485365654
bc,0.14832723691114563,0.4785182430151991,0.38465798345670854,0.4716746116945908,0.17061236739595168,0.5120356664321373,0.0,0.37087953090690745,0.17144925088145618,0.34304139113137605,0.41450855659195734,0.1474535972314072,0.6120952019801216,0.34304139113137605,0.23798074295559746,0.12704617300058466,1.0,0.4684132641084343,0.31820564215686514,0.1962918648424831,0.13545467745407944,0.0
bc,0.14098923879547956,0.3675887702771606,0.626390528387211,0.5154079280151778,0.3047934321346025,0.5840359520053554,0.21325276745347466,0.5893810434346572,0.26084568314232953,0.3757612042650596,0.4018868904285434,0.13928788210657264,0.6120952019801216,0.3757612042650596,0.19764066716819406,0.22879522772246166,0.998132976999242,0.46258193281167836,0.30621713303576675,0.18789637151679994,0.1300606474151188,0.0
bc,0.07478554851906903,0.3848001566534065,0.27850839523225884,0.45818380957855,0.1732439297107778,0.49976593820494514,0.0,0.1904389069748844,0.4321178706321131,0.2385805652242584,0.41653525948825626,0.12008472452132142,0.4706587978230631,0.2385805652242584,0.2359073981003708,0.03749849188960999,0.5526648726538285,0.39435579139053073,0.2899592114318145,0.18894082355068434,0.11689804594942874,0.2623285368288398
bc,0.14755477505665296,0.45621876212360996,0.3832310202807276,0.49971825255637187,0.15177429574025758,0.47990785497070604,0.047572340791626935,0.36588088154207593,0.4748587697948092,0.3388349376507508,0.41858044816174905,0.13781483695956556,0.6957696665669447,0.3388349376507508,0.23553147664259094,0.13540181549656002,0.9612941132138769,0.46499929188132066,0.2938917467251866,0.19950983988678217,0.138224317901936,0.34177632573852007
bc,0.14668374438223203,0.45621876212360996,0.3832310202807276,0.49356962308509067,0.37375982873295555,0.5005388881648419,0.005262762541814374,0.3675964246286152,0.4025053771251099,0.3388349376507508,0.4219459651974652,0.23296509060546575,0.6822874270131309,0.3388349376507508,0.23453827510428263,0.3329618799286806,1.0,0.4684132641084343,0.31820564215686514,0.20100668896309026,0.1409580306334442,0.2701834654782658
bc,0.12315522757434003,0.3721135361079605,0.37842243713178975,0.5300174192647381,0.09931253114973082,0.6290025813519079,0.1871402763253944,0.3680885190831762,0.15451545011991258,0.3711495722487993,0.37854412929098524,0.06623686268605075,0.6913854964034414,0.3711495722487993,0.23414165754989075,0.20772889296293237,0.8500224623244459,0.4985054821766109,0.19835993350906117,0.21062937428107764,0.1519419738567154,0.08380522495823652
bc,0.1456128772603645,0.42633709739952136,0.3851936400959311,0.5945998063751508,0.04924992859337493,0.5023329302131055,0.01801463711667803,0.4557270135639542,0.345209387673507,0.396112963268514,0.40944594898616254,0.1415954214961151,0.6231746360782816,0.396112963268514,0.21953988812956202,0.16739363275280705,0.5158921564377226,0.44330529087213594,0.2769680869628608,0.20055065933771982,0.14051634892655526,0.20686612632234702
bc,0.1457045747521204,0.44412693783533896,0.3832310202807276,0.5140925783958701,0.13098034762126767,0.5005388881648419,0.0,0.3897615114981292,0.27975751566519547,0.3388349376507508,0.4219459651974652,0.09443184283739979,0.6099129508563575,0.3388349376507508,0.2289850087574257,0.12704617300058466,1.0,0.4640492352114621,0.3167354064152105,0.19819035540458024,0.13044397576316283,0.0
bc,0.1457134480115888,0.4112159267830548,0.6249684122743242,0.49346593398307836,0.20744775995705536,0.5005388881648419,0.016609223002305138,0.3352985311536982,0.4969676088416768,0.3388349376507508,0.3726706646376783,0.13781483695956556,0.6182858491770126,0.3388349376507508,1.0,1.0,1.0,0.4742659242862031,0.31820564215686514,0.17662185173457598,0.511678977445718,0.37369014568593195
bc,0.14157498395810642,0.4176239881292472,0.37614851693953827,0.41407557450563837,0.17708702260010717,0.5087579009284143,0.0,0.3407629935711741,0.3279437438981034,0.3388349376507508,0.4219459651974652,0.13781483695956556,0.6430691297337219,0.3388349376507508,0.23457482933353985,0.13144667066372748,0.9784262439292394,0.4652122104458124,0.3032218599484387,0.19937841794391517,0.12201202983086035,0.08858933836527753
bc,0.1619897988302737,0.3371195892072713,0.41716505933601045,0.4919911404265966,0.19987063265880084,0.5040859287814992,0.06339008062204199,0.3397120510940576,0.28213898818802535,0.3414766614246228,0.44675811746535443,0.13900007897181535,0.6464646005923653,0.3414766614246228,0.22893546457089556,0.132940395038426,0.4579719274303223,0.5015591232428287,0.2793116637909232,0.20737713457124468,0.15401187316966364,0.03477151334229085
bc,0.17661666334026005,0.48764708818459795,0.4213314957948008,0.5013676638413529,0.1943047248664913,0.5268360943638918,0.058343446503537955,0.3334416567792399,0.27206557160253797,0.32277844532706845,0.4574441194048592,0.15924906182935386,0.6092103367173494,0.32277844532706845,0.23585773530083168,0.5006689726488627,0.5393353289800755,0.41859779212717696,0.3669161429533906,0.21618942202501332,0.16591956689459514,0.027523885040306947
bc,0.17989776744338506,0.4605250030465397,0.7024590663894719,0.4289310772797998,0.24063879785276115,0.8212325948404378,0.309569408571169,0.39618071501660307,0.2913703965400576,0.3407064736421998,0.44422161710366515,0.2010227615610893,0.6526229938892405,0.3407064736421998,0.22873642413758466,0.18320145908339355,0.7739418659322146,0.37382143866005807,0.2802130717556694,0.21790146737083282,0.11245818383258403,0.15391206650198722
bc,0.15486289907538908,0.4755486142643608,0.4074623089014826,0.4847416860736934,0.17890990559013684,0.5748461724882299,0.026485331094211792,0.3675833478008806,0.25890923138935246,0.26048863208076184,0.4327911111917377,0.12917880223986622,0.7007754525227095,0.26048863208076184,0.2710843847993958,0.1597546615697609,0.9994867948944145,0.44716036726503805,0.3380652973185306,0.2028077540810621,0.15315199619010778,0.024897159724445568
bc,0.11173480921001017,0.441409115730569,0.33238008687798054,0.4925845540734443,0.20631427002437436,0.36358439728973413,0.04595349523440759,0.3391240234121582,0.27975751566519547,0.45512011139384967,0.20672240938119307,0.1295485750673531,0.6803720620729126,0.45512011139384967,0.3191044251637317,0.09640393461875055,0.808721970606218,0.44554635835032724,0.308702230371203,0.2074523672129011,0.09860726213435037,0.004477525524862284
h,0.15639060471507427,0.3942861521513873,0.4013780530593788,0.5354323716322754,0.18702613119208858,0.506932208372894,0.046232199964861505,0.36070026009456296,0.28818025617988385,0.3707743153737393,0.44143361905461276,0.13533288908226257,0.622204535805622,0.3707743153737393,0.2403369422215761,0.12871475536689886,1.0,0.49906154864101615,0.3457338014373922,0.213596217441936,0.1531738221082152,0.0
h,0.17568939943405687,0.4057557970253462,0.3667417861897029,0.5435827659842276,0.29484741900738726,0.606044344909561,0.2320874536095551,0.45214975963116566,0.3346799299652402,0.2705025333647655,0.3982728571303534,0.0030240178365446247,0.7441675559375707,0.2705025333647655,0.2966868664504093,0.12905492408537034,0.35987969744441456,0.42279053177766807,0.24047661973862308,0.21884423147471296,0.0627042851344649,0.035865278008392454
h,0.15204333722152893,0.4182236836642936,0.3917420236273279,0.5310388869870455,0.2495886261718916,0.5203663859738477,0.04722967039559568,0.34028306914309425,0.2823774345792316,0.1211153235905874,0.39679270069077105,0.18922514216519817,0.5289522776606278,0.1211153235905874,0.23338029600896165,0.13816328892748117,0.9985450309320347,0.4434361150583468,0.2803528722182953,0.20047913300656278,0.11417667979452176,0.03453739226451333
h,0.062303173647938886,0.3814600779998174,0.25375696686908833,0.4190311761928745,0.12012687444975038,0.0,0.011858621093271354,0.14273479114955515,0.34489097555539305,0.34323017649554105,0.4243563951128127,0.23199116416413076,0.7467877581987754,0.34323017649554105,0.22412631444170256,0.0,0.25723115997193174,0.4227043126154681,0.3352516637064668,0.14418911249599625,0.13475869232196133,0.008724860498466054
h,0.1457045747521204,0.45621876212360996,0.38420690165911564,0.34945666363643596,0.13791562065501148,0.40858597842640626,0.029560519824055904,0.4969558291058782,0.2530498164604315,0.3413700022539025,0.4032609334675344,0.0978599258820578,0.6279460390854793,0.3413700022539025,0.2034819759374953,0.32526525311267,0.6961617119859204,0.3868509208384074,0.2927241695750132,0.20437302325184128,0.12668611005176314,0.11349328160682423
h,0.17828915685587265,0.5027639107412093,0.4709267161041955,0.44204505662638516,0.24607065971334105,0.03233038258537283,0.058329597337588926,0.5189614907242895,0.27975751566519547,0.26750555774792767,0.24587582731047547,0.7363121004806031,0.4604975756994748,0.26750555774792767,0.10794395458954091,0.1676287246644068,1.0,0.5330112842982553,0.39047687189981256,0.22563890012090626,0.17787953780125926,0.0
h,0.1508991126678339,0.45808242614612427,0.3850854406498344,0.5202182635383108,0.22005731570191758,0.5005388881648419,0.0,0.35987038599122245,0.27975751566519547,0.6770739734329709,0.4295344909452901,0.13695378588883572,0.6120952019801216,0.6770739734329709,0.23672770977073315,0.11793394045300205,1.0,0.4999436045254789,0.328763656766296,0.20256190095227194,0.14675525598057668,0.0
h,0.14042126386433235,0.46804637776883035,0.3676783294211068,0.4688821337486611,0.39610149025756114,0.5123790673655672,0.0012072553660647963,0.37925442884540744,0.4576661254160877,0.325574948473164,0.38673397043158136,0.07775860236735152,0.6052142768009352,0.325574948473164,0.258636512736379,0.315966122649696,1.0,0.4680297096010257,0.31820564215686514,0.20117241842379174,0.14051634892655526,0.3141500135244532
h,0.12246567700127904,0.42826654364250993,0.365695850264248,0.3815115813191754,0.07992788704689384,0.05067985043971126,0.18384773751316658,0.4506358621293985,0.23049489074644808,0.3388349376507508,0.3387248350094668,0.09191228970673529,0.5416422666536842,0.3388349376507508,0.18896519737969367,0.14143880990114288,0.6334777044151139,0.452560495076257,0.2741827002623679,0.16408858313890978,0.09409561937749952,0.11349328160682423
h,0.1419623640218528,0.45621876212360996,0.3832310202807276,0.4740182388668162,0.18863798302408916,0.5114306590780174,0.12528923291780347,0.37377290011509917,0.3146256533234758,0.3388349376507508,0.37381025772387455,0.13744754600790554,0.6138998192964021,0.3388349376507508,0.23815269949070178,0.15033386833798545,0.9955349352046325,0.4660690956765408,0.31820564215686514,0.1719701975224341,0.1364437254151445,0.0011052550891157233
h,0.14616032011937913,0.4633295733187323,0.3832310202807276,0.49356962308509067,0.11722201656352221,0.5309662318978405,0.01180635244244979,0.40936642457042033,0.18074238926206848,0.3388349376507508,0.40719847627701344,0.12219254067189694,0.5011733732357841,0.3388349376507508,0.2024399509950542,0.12704617300058466,0.5604144701797986,0.4644010362784976,0.31820564215686514,0.1725180059541208,0.13781474058987978,0.030017718713018084
h,0.16965210904038946,0.3400220773437279,0.44303594916899264,0.5615940333646778,0.2372318491026074,0.5620412770626038,0.0870255533771047,0.3669941304849045,0.28995764625891207,0.14923550048201825,0.4833384605510265,0.07083284019301862,0.5623522007741979,0.14923550048201825,0.23016334687205842,0.1638938973553828,0.9456667024508263,0.43534282900875926,0.3850986381188911,0.1886392735026742,0.1735403692071062,0.0008224713909602104
h,0.10494054454786939,0.42999970037466045,0.3150946697377571,0.5250390890144969,0.23366053012761406,0.5036390501868522,0.021476243855224297,0.20378609424709848,0.23490838480178025,0.3388349376507508,0.3967574501958618,0.11180735367370809,0.8289343290952143,0.3388349376507508,0.2408722712946361,0.3737603372261537,1.0,0.4679413226203523,0.31820564215686514,0.17280453724719572,0.11450786878198471,0.01564461429777511
h,0.12110594343288802,0.47504782278705965,0.38635457557102526,0.581671244139752,0.1652642227575757,0.5231435049415767,0.11414692751129017,0.5242035002735228,0.17356236661596086,0.26349615092644535,0.3442381930631653,0.1158301518789423,0.6416847894118043,0.26349615092644535,0.15923363453073464,0.17792870741318795,0.552429473075517,0.47829243668995086,0.31493901645704453,0.1660801611759846,0.08535826809467002,0.018440956691741357
h,0.148541177635064,0.43601201905938636,0.3925592148520356,0.49356962308509067,0.3442252898890755,0.41433142386823246,0.009200643237698853,0.4768952997653006,0.29000620794027027,0.21045661134714522,0.3740701947328519,0.1415954214961151,0.5770763038072171,0.21045661134714522,0.22540000374922017,0.12771823910854685,0.6673540346673624,0.47285509353795296,0.3301391537411925,0.1995063051615393,0.0,0.0
h,0.10169410651129022,0.4177208042904107,0.31783037276526455,0.4835921358638967,0.13417383269500335,0.5005388881648419,0.026080749208342864,0.36089495987154696,0.3104704991250296,0.3388349376507508,0.4029181816624365,0.12181520627070377,0.6499121639751159,0.3388349376507508,0.2373682989532591,0.2927200174590945,0.3040710881766246,0.40756334539282274,0.3119823809234889,0.1980639508694753,0.10817460156127522,0.03238628958122534
h,0.09208495886215544,0.4143489298688125,0.32281804026697847,0.5722973241933573,0.10002664486041132,0.3714449484530038,0.10745315566207338,0.3230857753206628,0.20794147026487408,0.3853869157023142,0.33684935179815556,0.02069954902961696,0.7007754525227095,0.3853869157023142,0.2393109046404489,0.12704617300058466,0.8256555195934542,0.49941734105235125,0.2947871394653418,0.17182468049962174,0.07748773183422487,0.03306874020629013
h,0.1457045747521204,0.43203397080342804,0.3849566950862657,0.49356962308509067,0.17783640109931875,0.5005388881648419,0.0,0.3677255366058455,0.2828737809114451,0.3388349376507508,0.4206358827703817,0.13632645184391207,0.6117231716388559,0.3388349376507508,0.23596851374959954,0.12772652170100218,1.0,0.4684132641084343,0.31820564215686514,0.19953994908756084,0.13660941074380323,0.010140009215785088
h,0.1510122988270895,0.46406063314491863,0.3832310202807276,0.4916340895109255,0.17773197573668115,0.5005388881648419,0.0010173385914586204,0.5095918772558451,0.38721395850422075,0.3388349376507508,0.4219429066859396,0.12736257417317354,0.6696473364288614,0.3388349376507508,0.21901875827606665,0.1322038586998084,0.0,0.448688861541373,0.31820564215686514,0.19953994908756084,0.14051634892655526,0.2426694831894336
h,0.12087443891895205,0.40068931605356317,0.4119557581949086,0.49356962308509067,0.0,0.47211693040343417,0.045447768631410854,0.3905446487766959,0.26564036006110736,0.18898637304600419,0.4502982944910913,0.1415954214961151,0.7075693020070433,0.18898637304600419,0.35526300539689276,0.19166685782258003,0.28662373862542945,0.49145259381978973,0.3572026749412805,0.142054711957044,0.11758267111542675,0.03512470581483989
h,0.1460459656074587,0.44769372824144865,0.3832310202807276,0.49267726485021923,0.1502904323113532,0.4709952616447065,0.0,0.37606779541303015,0.27028123332915516,0.3388349376507508,0.3907400791473584,0.18365247005882415,0.922327030735056,0.3388349376507508,0.2310578444739211,0.15674556615947025,0.9369395129630501,0.46739913220065005,0.31820564215686514,0.17975917431939414,0.1377596269484997,0.007650029435739769
h,0.143843542822083,0.4542375847530825,0.38102246053915184,0.49356962308509067,0.13457122372073188,0.46708826982456325,0.0,0.3432735839002358,0.27975751566519547,0.3388349376507508,0.41856727953060435,0.0,0.6120952019801216,0.3388349376507508,0.2393109046404489,0.12834719707363032,0.9393746823669958,0.4684132641084343,0.31820564215686514,0.19953994908756084,0.13950019217606172,0.0
h,0.22351584939174252,0.572045802301647,0.48141038898070976,0.4925845540734443,0.19282587319561892,0.5015790109420879,0.05012164692931711,0.31172308580594704,0.2626575004793121,0.3388349376507508,0.5311569617699934,0.32765363569995093,0.6352219648761579,0.3388349376507508,0.2311600049914308,0.10698310481001605,1.0,0.5772927557410583,0.44921112645559136,0.2416229877938655,0.2098646354805855,0.00427389321804202
h,0.1643863278872337,0.4796878986489159,0.4168854043418082,0.4883025445296077,0.19232899949791693,0.5725544551993603,0.16416729262873636,0.4120058602650783,0.2456511130769252,0.34367523571154357,0.2744804933522922,0.15475946322591494,0.6000684377718407,0.34367523571154357,0.2286754984839978,0.1463741516872827,0.38068678586622046,0.39965967265634783,0.20655392690271437,0.18875745674156577,0.15130406307636868,0.0
h,0.1430289089094454,0.44947259648435595,0.37188115172324127,0.48536977877779963,0.16743869132662775,0.6666917320590247,0.27511685487905985,0.36277101509757664,0.23206132293596718,0.22848453204341174,0.4093616200587767,0.10717427237876408,0.6027567444572798,0.22848453204341174,0.22909001244219562,0.11984567458416734,1.0,0.46500567151058314,0.2889103709024114,0.19555751639623728,0.09822137722998961,0.006094601333466504
h,0.14189811973519956,0.4400929943747104,0.3832310202807276,0.49356962308509067,0.27360390120315914,0.5005388881648419,0.03307301024792018,0.408392205276987,0.27975751566519547,0.6413192809560325,0.41175741230400753,0.14804252502119783,0.7226613245193214,0.6413192809560325,0.2570785990491353,0.12704617300058466,1.0,0.4684132641084343,0.31820564215686514,0.21231724859262657,0.13827683726787726,0.0
h,0.1491400533507276,0.44632319884863086,0.38465798345670854,0.49578078016396626,0.19368662640279316,0.5005388881648419,0.004412110987445154,0.4905096640297147,0.2761536978851623,0.0335117403626829,0.4219459651974652,0.13781483695956556,0.6105356719936272,0.0335117403626829,0.2087084391416296,0.20589666930400502,0.535471315018369,0.46994523996507165,0.3176683384108537,0.18979097846827503,0.14098083333575398,0.005823573815219961
h,0.14592783904061699,0.34938392947983943,0.3832310202807276,0.49356962308509067,0.17783032933765872,0.49505625754693827,0.0,0.36588088154207593,0.30112388634415815,0.3125058319779453,0.4066474047705107,0.13967292589240393,0.6104459689812837,0.3125058319779453,0.2346702451414412,0.12704617300058466,0.9890217120945173,0.46575643927619115,0.19870117122539818,0.192343824176728,0.12646557997769084,0.0020373537030669
h,0.15360967379881346,0.4370691417230766,0.3842202873146228,0.49540384271374716,0.24701814774357606,0.5005388881648419,0.015585750752494418,0.37943232635006235,0.2720942164818731,0.3402465611721224,0.4115176186904455,0.13801159367174085,0.5742970895225501,0.3402465611721224,0.2182494889916413,0.13022286770206176,0.3085528996091313,0.4431398911850726,0.24327633719116873,0.20103181645672094,0.10776432758444296,0.0
h,0.30640744499425115,0.6438729252185786,0.5026216178666318,0.5695758132630745,0.2495481094980013,0.5696628615198434,0.5642404133080977,0.4168233673677647,0.11205451176671508,0.17466166387978474,0.6211416402815725,0.40424649229924764,0.4498660107979392,0.17466166387978474,0.16314777599891603,0.17792870741318795,0.5337931315665598,0.6512093000708785,0.549000212535629,0.2796011497241922,0.24907518505204712,0.004656855018476252
h,0.14717981234086938,0.4648005433053576,0.3705815321984829,0.49356962308509067,0.12628906215106683,0.55247313303162,0.0016539774104011673,0.35378462737532973,0.5530604604366606,0.3014671827172008,0.3937146848749933,0.0787846476802009,0.6150229982358851,0.3014671827172008,0.2422671986435592,0.12194999172329989,1.0,0.36807812296776604,0.31820564215686514,0.18115358036991677,0.13209946039445888,0.4462990451878786
h,0.1271349519961049,0.44689450209758,0.3832310202807276,0.49293673497591944,0.17499862468098606,0.4484901413882003,0.11929257284899673,0.41994441484366785,0.29286321986023617,0.34001244350360615,0.3522305809029208,0.17652058137295953,0.7612220881845472,0.34001244350360615,0.19941124024838927,0.16616845688628362,0.9070132960721458,0.4960953118839778,0.31820564215686514,0.1989302517227848,0.0997687599863476,0.09910701234006165
h,0.14312006097916344,0.48711105963647283,0.3903018495419819,0.5196984228512901,0.054412013510258414,0.5755746220271,0.07628537376840269,0.3002762919318907,0.12052168944987598,0.0,0.25986923941017037,0.08919402241191776,0.46095647639714166,0.0,0.1980985611661938,0.1410082719595447,0.41959113224396843,0.4450059164563319,0.27128788442861546,0.18006215303548612,0.04878701226857288,0.09497005440454746
h,0.146435585430345,0.4606339783967086,0.38465798345670854,0.4800585208048595,0.19447265270531547,0.5005388881648419,0.0,0.534644281040589,0.2673252800712794,0.3388349376507508,0.4219459651974652,0.20074391062266272,0.6015246877340837,0.3388349376507508,0.20831142282956489,0.19854874383692112,0.6095260952549205,0.4644014721685248,0.31051115132024204,0.19989264452716718,0.14375197475420617,0.04085290785211487
h,0.08434633863002632,0.46268158859383346,0.3046972212634674,0.5826951035682273,0.18264882967635632,0.5005388881648419,0.0187936460366303,0.3805310775169705,0.2988903406676035,0.30906852058827855,0.41075577450340073,0.13891282181449183,0.6120952019801216,0.30906852058827855,0.23339838153042486,0.1672682421928161,0.31895884648394096,0.4680045384466859,0.31820564215686514,0.18394643932405932,0.08044243597767839,0.0
h,0.008325948782590282,0.5344986448727297,0.20099355618592926,0.4740982208681519,0.21741347346828035,0.4195554183270567,0.028384787980079193,0.13500623000146827,0.060262931170533086,0.3388349376507508,0.4606605429871101,0.09822737074956556,0.7085050875929635,0.3388349376507508,0.24615301832454378,0.0,0.8815921515114499,0.5038891150596726,0.36791081978491313,0.1640312126910845,0.11995927411706483,0.002164620440491507
h,0.1443644037217367,0.45849543386457425,0.38358057831305703,0.4682687243434015,0.1709024485728457,0.5127273720069347,0.018235094726398605,0.3591231280611494,0.36790442035496373,0.489969936321537,0.41828707335381426,0.14464859675131927,0.90210215639202,0.489969936321537,0.23798768209194018,0.15489853877468873,1.0,0.3961318977512939,0.31820564215686514,0.1908868720354158,0.10288946668673936,0.18625446649844787
h,0.12721468048430784,0.43066914764940983,0.3792642071125774,0.5133881214734154,0.20611367751667684,0.45722676455593914,0.13482293103664206,0.439511971349167,0.15840972233037762,0.08518058802875689,0.3574043636509634,0.2930208323559369,0.5320523031739127,0.08518058802875689,0.1769202352227244,0.19199818361766957,0.4363159141172885,0.4710464450662147,0.13332676776640445,0.22046277158461747,0.1414935753742882,0.09132397792174657
h,0.14637600337063786,0.2778955498313628,0.3832310202807276,0.445379107620782,0.3106834384498824,0.5163776338848163,0.0,0.3805310775169705,0.470205547524829,0.3688274664993559,0.3891967188291251,0.1132217713985138,0.6165027624046344,0.3688274664993559,0.23795515757913957,0.12834719707363032,0.9984166735366041,0.4055369625278976,0.3158665303767995,0.1811671219961768,0.13179766531380516,0.3257408159936924
h,0.1767435745753487,0.470469623066529,0.4235596219842187,0.5512604754832605,0.17622489839827513,0.6204681111268688,0.22880089063625103,0.3638763096271053,0.2834239382912951,0.2660032016010466,0.45986728808588706,0.14886685483438716,0.6109343003030386,0.2660032016010466,0.23499312738590766,0.15664729963912424,0.8817376798911573,0.5031130339985903,0.3669798526084024,0.21278331049558208,0.1666425917542079,0.0
h,0.16235543295871013,0.45463187182632836,0.3801310171082882,0.49330645944209855,0.17783032933765872,0.46547113338705437,0.017258836413564016,0.36746168515175864,0.22048517461363729,0.0,0.41080524760493387,0.13781483695956556,0.6095155841410927,0.0,0.2422671986435592,0.12733211921406248,0.9307503287478538,0.4655960591314427,0.31820564215686514,0.20835989738299737,0.1323079127486562,0.0
