stage,Alanine and aspartate metabolism,Arginine and Proline Metabolism,Citric acid cycle,Eicosanoid metabolism,Fatty acid oxidation,"Glycine, serine, alanine and threonine metabolism",Lysine metabolism,Methionine and cysteine metabolism,Nucleotide interconversion,Pentose phosphate pathway,Tryptophan metabolism,Urea cycle,"Valine, leucine, and isoleucine metabolism"
h,0.6674035983603391,0.9442132447636151,0.9364199333167785,0.9314025583948056,0.9999264019790624,0.7932771204655044,0.08404304114387644,0.935665635231403,0.6272193173941558,0.9774499809246643,0.5733297511956755,0.09144589351664087,0.47639250383538934
h,0.6753346510144,0.9960214334978637,0.9364199333167785,0.8540183448523471,0.8380722801607741,0.5472707522540354,0.48185019057913914,0.8837613872422541,0.18471466474970083,0.9348738685368343,0.41701563163821875,0.18080423753416078,0.5718817429494163
h,0.8827418019897467,0.694566521545425,0.8506381032078947,0.9314025583948056,0.7541338319150018,0.0,0.21102946289658556,0.7766877251600995,0.3910290181852695,0.9348738685368343,0.5078799231720907,0.20807266579462394,0.5170833560345265
h,0.6923218915407029,0.9852650614685388,0.8953974316250135,0.8973903181653164,0.5198745992425469,0.6717030251624729,0.29645819814299423,0.8507962548254865,0.39365853970542347,0.8015244586886653,0.5430522523551138,0.1272952995448554,0.5416051172874585
h,0.7911660701991918,0.5137346998012253,0.17478664664167834,1.0,1.0,0.23761722019879797,0.19157546167085981,0.5332722776863433,0.15779126798941856,0.9090510433066096,0.3105060874942777,0.16987175409241842,0.6822663280634766
h,0.6975810064876151,0.9912072153021708,0.8058707440842682,1.0,0.9771278872373848,0.6414487927641808,0.21532401973270682,0.9639687018952364,0.3910290181852695,0.9201861132586934,0.6429154032150487,0.11779663648957138,0.4627127818518476
h,0.8957607151811788,0.5704163398812382,0.3765924444667104,1.0,1.0,0.40739596777983067,0.18009054208166003,0.6842463710843534,0.3500794579959215,0.9121684100434636,0.3853010068185074,0.11479770127202299,0.6340874658891812
h,0.6850774054770625,0.7088389793144063,0.8339262746435916,0.9802941674706038,0.9858253126461005,0.5472271186459263,0.23347439613666152,0.7630299096528352,0.3910290181852695,0.9581730809013385,0.4646445177606039,0.10160787812150493,0.5650661860655339
h,0.8400454966849183,1.0,1.0,1.0,0.8662884314878068,0.5472271186459263,0.3368589420424572,0.9498684142937555,0.4411419037230918,0.9508835804039574,0.5927016340709556,0.10798208205263021,0.5587684270371428
h,0.6441433231177942,1.0,0.9381278185334636,0.841541372371697,0.9303972762132813,0.513248706749468,0.3544660020319578,0.9494573468447081,0.1528716679647493,0.9508835804039574,0.4935770535653226,0.16385932202858042,0.4884050936186127
h,0.4348492125265464,0.49349463377044983,0.3650904087853414,1.0,0.8237535076856626,0.343357601916229,0.15069394366340239,0.4654977822926769,0.44547694094928125,0.9090867425994205,0.28136652851480504,0.24790072794624174,0.7170561171819155
h,0.7154645470360175,1.0,0.9500234341737687,0.8308577989152612,0.788976202645339,0.6047585537864724,0.34442240061360174,0.9846526547588774,0.09128773709198891,1.0,0.5804255490003354,0.10358946565019266,0.5566607818823267
h,0.7006471401877571,0.8697564162778844,0.9384607404206592,0.9693054218551087,0.9259157041149577,0.8026677400821531,0.1166168185248965,1.0,0.4243594748934127,0.42438850905598124,0.5443783313981032,0.040352433900133114,0.5509387113381582
h,0.6821081414762019,1.0,0.9983444549311844,1.0,0.9129433144159702,0.5275343751438663,0.29810723618647866,0.8158448526789986,0.36287379535963915,1.0,0.45951743485686064,0.10262323183132074,0.5057727658717273
h,0.6905411847798523,1.0,0.9099803101752136,0.7136492806649921,0.8865028529281701,0.5472271186459263,0.29645819814299423,1.0,0.3752060511763738,0.7979823654853533,0.5430522523551138,0.11378410574720728,0.5718509740489773
h,0.6108281327154439,0.8517319825863585,0.8980538925804241,0.8861682430090766,0.6838479513902465,0.6354508883014035,0.3638900654489449,0.8698319744905053,0.5190704652548171,0.9304556413194043,0.6282519201902879,0.04469722684234697,0.5030917488240745
h,0.7727051391227919,0.9030605549957101,0.978006780291572,1.0,0.9516492878387803,0.6313955581655826,0.38734269695402307,0.978891050842003,0.39281305214468776,1.0,0.6469289924144568,0.06363250426250094,0.5704257825103163
h,0.6643995584355105,0.8725787880301842,0.9679183810997949,0.8081417007216076,0.8664730826964218,0.5472271186459263,0.32539019984298045,0.973542762908299,0.5330756292579967,0.8993398695173218,0.4397182681379728,0.03775278656239854,0.47148956441292444
h,0.5573837510144134,0.797966750260325,0.8678104327353139,1.0,0.6374635087151325,0.604161603177639,0.37888937683381,0.9011752298818229,0.3002724155790606,0.8781254894588804,0.5430522523551138,0.0,0.539147592220468
h,0.5909446997792878,1.0,1.0,0.9978945075711232,0.5718338061619788,0.0,0.23664271948746313,0.8077423136548795,0.31485740846775445,0.8712519799598129,0.5430522523551138,0.2013407014731914,0.5751143820524686
h,0.8364195470896296,0.807819678416667,0.8991825831901767,1.0,0.9282262794661079,0.6813074924202249,0.2575589148073328,0.844572854462738,0.4989518871758622,0.7378795859612197,0.4772815961424694,0.031152878388228757,0.45401037815796474
h,0.7310665586416953,0.8817071675966136,0.9707948246662352,0.7743052361969545,0.5364943526475616,0.45786204301730526,0.2805846239247944,0.940856465332697,0.3910290181852695,0.7008198910158053,0.4209049628730135,0.05390732281434831,0.5878525868693051
h,0.7048701955358818,0.9159908932794798,1.0,0.7743052361969545,1.0,0.5472271186459263,0.29645819814299423,0.9436541986970066,0.5018175738049377,1.0,0.6878425923560152,0.0721462101928388,0.5416051172874585
h,0.6623858686009035,0.8518302296624618,0.7153669578910536,1.0,0.8891585963981481,0.7732817232494933,0.2135170742015474,0.9050879633555682,0.14287219028754128,0.9742792885281761,0.5430522523551138,0.015438558820068466,0.5477548113162928
h,0.2631536602928417,0.7088389793144063,0.542429611433039,0.41216842755674904,0.0,0.23017362618772366,0.6777166666625292,0.2200111461411109,0.7047153594339346,0.24154145620848638,1.0,0.44432147976921255,0.12723402275547047
h,0.0,0.5137346998012253,0.5232937076508064,0.29751268506604467,0.3350268341423859,0.17577090386700747,1.0,0.5901105120922432,0.30917627220768557,0.7554737896499146,0.23117054490878397,0.4760551908727215,0.0
h,0.8993542215862683,1.0,0.9608470190485402,0.765269312360997,0.994294923400872,0.475649584071779,0.28696924719804384,0.9967578571987163,0.344391926155731,0.7881209204787868,0.42462438912423733,0.12566671147287772,0.574611312168582
h,0.7188708747542573,1.0,0.807622358375031,1.0,1.0,0.5315718599352748,0.24205531535694794,0.9954526026039376,0.3910290181852695,1.0,0.6245828606314736,0.1170539051228711,0.5505993859013953
h,0.7904890385390706,0.297133990950393,0.3188790529016133,0.6354456662410779,0.6704879370388664,0.30405944474307567,0.5528047094420113,0.4956867603737026,0.414421682562259,0.7842898132209687,0.24663556478604748,0.33557829872719025,0.727657703003459
h,0.6045690763616635,1.0,0.9421685422210457,0.8776252581460089,0.938046766137585,0.5472271186459263,0.3002426232746305,0.9413500213895385,0.3085922923746292,1.0,0.5430522523551138,0.10114525480369035,0.45401037815796474
h,0.7018013838080411,0.9165462474030117,1.0,1.0,0.7822288218917247,0.5472271186459263,0.29645819814299423,1.0,0.3875766279037396,1.0,0.5430522523551138,0.07218478041196927,0.5387806485031407
h,0.6059101129011899,0.7242782276523787,0.867638350569406,0.9662968865168001,0.9801799940089689,0.5811619096584865,0.4404475287466149,0.8955626054695421,0.18562568990964115,0.9692031841197593,0.5711876767100291,0.08156369713590317,0.5331363940177977
h,0.5308353344816851,0.8367964152040165,0.9325333430489154,0.9870178352281147,0.7610715855137646,0.5659935881675113,0.2672234427536491,0.9570696381637938,0.19225837719863112,0.8740395448683149,0.5585738106462109,0.0,0.5620216096542635
h,0.9315013836784702,0.7160280353517742,0.5857498152950792,0.9313154358813626,0.7696667209528002,0.7994982814497632,0.2672234427536491,0.8760710257992051,0.17933959928935908,0.8717534443044849,0.4225279464608468,0.2444560646795857,0.4770221436196549
h,0.8811507587521691,0.34108748235655517,0.4605601583055441,0.8861682430090766,0.6420345745298177,0.1448247491198062,0.18430062367046468,0.6538647922977752,0.3910290181852695,0.9629266515948816,0.7368035425067837,0.3077038763515034,0.2995596716369671
h,0.660462623007334,0.8075166362324919,0.7971824670982611,0.8410125031143897,0.9221775137998427,0.5472271186459263,0.29645819814299423,0.9184597243457097,0.41422782791135637,0.986115516701857,0.5430522523551138,0.04150779150479091,0.5242089618542966
h,0.7425568272883583,1.0,0.9618747348359847,1.0,0.9959168002441694,0.4585009108289061,0.2370849943280387,0.9679996799201589,0.4891285845975289,0.9942216249559579,0.41513936082707403,0.11827235658556486,0.5859335946787082
h,1.0,1.0,0.9708553568523023,0.9845987899053426,0.7951544287073552,0.017996167228387042,0.21312172287204398,0.789029805555952,0.29440402097314455,0.8473542028229535,0.5552946596723545,0.15128310659492056,0.5542678962272267
h,0.7829231400837516,0.5958704257659025,0.439518048249543,0.9848171039561129,0.9876427151711494,0.4218679685579358,0.43638836465729053,0.6955021982479455,0.3910290181852695,1.0,0.3790202418538251,0.14262539372473748,0.6184893930645237
h,0.6338961810388828,0.8741274904346102,0.9147882234652831,1.0,0.8695375428393527,0.5472271186459263,0.27129864632885053,0.9566309284561537,0.32703261666589056,1.0,0.5430522523551138,0.05091119066683869,0.44845627365946006
h,0.7168491561479886,1.0,1.0,0.8888164748606877,0.8669859270425198,0.002246384367298182,0.2366665975128919,0.9776519257982321,0.39234310857118,0.9281739171869532,0.542059717954429,0.15631166494197213,0.43225396239019853
h,0.7048701955358818,1.0,1.0,1.0,1.0,0.5472271186459263,0.29645819814299423,1.0,0.3910290181852695,1.0,0.5430522523551138,0.10120044552758055,0.4672548510187285
h,0.7048701955358818,0.8495426616841553,1.0,1.0,1.0,0.5725650244075015,0.29645819814299423,1.0,0.5273545532410949,0.9208542496023343,0.5430522523551138,0.0015833939023046433,0.5416051172874585
h,0.6015364484832286,1.0,1.0,0.8789348456016911,0.8876994949381688,0.5577750316535479,0.29645819814299423,0.9585015941488421,0.6101576210990165,0.9024458923926443,0.6127446926946166,0.11348519396915785,0.44942864922061626
h,0.6271201478178389,1.0,0.773731848859776,0.9185657362414035,0.9914940681914303,0.5472271186459263,0.2987955171233367,0.9783827848860799,0.3385168189098871,1.0,0.5294474986162929,0.13357033407362984,0.538242368886706
h,0.6524104509623704,0.7088389793144063,0.8815087652614897,0.9456130292797942,0.742650207645177,0.5472271186459263,0.29645819814299423,0.9220779467618823,0.3694191357215202,1.0,0.5407945954368436,0.10114525480369035,0.5416051172874585
h,0.58519521045223,1.0,0.9862055943543768,0.7470490311905145,0.9890309290193816,0.5014719835978273,0.3203901856511791,0.7789864283277627,0.31009385712372717,1.0,0.5342820665884322,0.10330516354779155,0.557648533548215
h,0.7048231235431257,1.0,1.0,0.7637453791309207,1.0,0.5472271186459263,0.29645819814299423,0.952066260335178,0.3910290181852695,1.0,0.5430522523551138,0.10498941702785258,0.5617566193983653
h,0.7048701955358818,1.0,1.0,0.9985910745114259,0.9062507958342629,0.5472271186459263,0.29645819814299423,0.9158389723892655,0.3910290181852695,1.0,0.5430522523551138,0.1044834504452258,0.5416051172874585
h,0.6874509305145967,1.0,0.9143986373689383,0.7361024621650277,0.9062507958342629,0.5472271186459263,0.29645819814299423,1.0,0.3910290181852695,1.0,0.5430522523551138,0.11032450906616759,0.32049957009547286
h,0.7048701955358818,1.0,1.0,1.0,1.0,0.5472271186459263,0.29645819814299423,1.0,0.3910290181852695,1.0,0.5430522523551138,0.10196770314851451,0.5416051172874585
h,0.7048701955358818,0.9544142373316987,0.9143986373689383,0.9571484308498633,1.0,0.6782467754158504,0.28891365801985824,1.0,0.3910290181852695,0.9692274959117033,0.5899671710415051,0.08897409110305038,0.5456021408155165
h,0.8522380431422238,1.0,0.7535219592772527,0.865808266353137,1.0,0.5088242864786509,0.2913113465558104,0.9549467706340466,0.4153617097804017,0.9974624245490469,0.6134273103825344,0.10861518978994364,0.5351154795819903
h,0.7036766782750368,1.0,0.7489114352386648,0.7908201511680906,1.0,0.5472271186459263,0.29645819814299423,1.0,0.3910290181852695,1.0,0.5430522523551138,0.10737066759984276,0.5416051172874585
h,0.6245145908018298,1.0,0.9836166585526566,0.87675115119531,0.7922643410998974,0.5948903317490484,0.2637638349490158,0.9524428434056355,0.5754937127892101,1.0,0.6342743280807253,0.19373836982875414,0.5416051172874585
h,0.681228127792144,1.0,0.7529876273230506,1.0,1.0,0.5472271186459263,0.29645819814299423,0.980865994058253,0.36407754747316584,1.0,0.5430522523551138,0.12842764497521458,0.5235836911572448
h,0.7048701955358818,1.0,1.0,1.0,1.0,0.5472271186459263,0.29645819814299423,1.0,0.3910290181852695,1.0,0.5430522523551138,0.10196770314851451,0.5416051172874585
h,0.8010616124381207,0.8949677097901146,0.955780292906959,0.9456413229782161,0.5867844945254407,0.4367257884644939,0.22689770844489254,0.9854736356861454,0.4007744014211273,0.6304726014042251,0.6717655432093559,0.06419061736624847,0.6564947617687206
h,0.7423987924882256,1.0,0.9941321654532314,1.0,1.0,0.5190833148133395,0.2936371860204491,1.0,0.39172950955917396,1.0,0.5387685712209507,0.10298619742272695,0.5519827794427062
h,0.7048701955358818,0.9053007895702945,1.0,1.0,1.0,0.5472271186459263,0.29645819814299423,1.0,0.3910290181852695,1.0,0.5430522523551138,0.06517906470691648,0.5416051172874585
h,0.6986279567113924,0.8236127411366474,0.8243828863451031,0.6184902371263009,0.9745259382188074,0.5591543079639619,0.16059747951210698,0.9303432221748824,0.3910290181852695,0.9249728929704392,0.5334040380198947,0.012072706896248708,0.506806379070966
h,0.8871221665718281,0.8806114101264596,0.6683814095334267,0.3780263144265384,0.6752285248257035,0.06500989357350513,0.1620580938410989,0.0,0.5704008780934605,0.0,0.4408054728982883,0.1867542210703398,0.5530099652408357
h,0.3538844919926419,0.5388765220727325,0.44133278204106857,0.4030912641255275,0.4099387293092857,0.3101631404595184,0.555366466879784,0.42511669199599045,0.555917547483729,0.44599097910859475,0.2873932496905223,0.3156547417401671,0.7645466865164994
h,0.7143126047649595,0.9827914777141913,0.9048294700511986,0.8949558983474087,0.9623902688713903,0.5051132842089894,0.3781329982390979,0.8683675101829026,0.3910290181852695,0.9586484324625635,0.6916413979565782,0.10179005994406742,0.3798519607730697
h,0.7040947229500075,1.0,1.0,0.7117440789387209,0.8127911442583797,0.5472271186459263,0.24532924021109018,0.7587582817749121,0.3910290181852695,0.5218395894691641,0.6416414585112635,0.10280093188930824,0.5392319856908517
h,0.5552711988721912,0.721233171490528,0.49618650625522176,0.9818750614075694,0.7104580743098793,0.4349928811537604,0.2690313487053012,0.8826775778441366,0.36072531112214,0.9526049103251789,0.5106230240305402,0.025871768947886165,0.6045887520242091
h,0.6288985943986413,0.7534401195366663,0.8243828863451031,1.0,0.9621956104390647,0.9372127755943043,0.09123554507039096,0.8751639500672983,0.5076730877737397,0.8903353292092065,0.8915128996263739,0.0,0.5307277173804125
h,1.0,0.7079122963941147,0.6413037527791408,0.974939086974967,0.6253678035690038,0.4632920876368954,0.3696951811816337,0.19106936680561193,0.6484687544097462,0.19355156201910567,0.4765992060072878,0.21463651505888087,0.6373785645922884
h,0.8759878388832697,0.8701418392430018,0.9928843933628019,0.7723746293942992,0.911293270049223,0.5609258623218001,0.26655509986804315,0.8299355798578775,0.5429451032056153,0.7791763512343215,0.6728805368635408,0.3215646956890663,0.34530311193125807
h,0.7677886122779758,1.0,0.9663130305602083,0.7637453791309207,1.0,0.11354063894158625,0.13994166651054316,0.9654914202939556,0.3910290181852695,1.0,0.40050336162724187,0.16816426758816347,0.6064734123170563
h,0.5653786753896055,1.0,1.0,1.0,0.7968449933488556,0.5472271186459263,0.29645819814299423,0.9699439479175649,0.30819472375985557,0.6353657344053137,0.6728805368635408,0.11800108093524843,0.5416051172874585
hcc,0.8178800980280856,0.8236127411366474,0.8506381032078947,1.0,1.0,0.5871201043447382,0.2845400483818752,0.9554513242943888,0.39216587853821894,0.8524149494915048,0.6062146950209764,0.03067564415495102,0.5416051172874585
hcc,0.7358342093316574,1.0,0.9980283936426256,0.7653234321118523,1.0,0.5777942803897783,0.29891299535439436,1.0,0.3910290181852695,0.9608737167120985,0.5009984451831092,0.10737066759984276,0.4364945539301453
hcc,0.7048701955358818,1.0,1.0,1.0,1.0,0.5472271186459263,0.2939127031659936,1.0,0.39135911856227085,1.0,0.5430522523551138,0.10196770314851451,0.5416051172874585
hcc,0.5757092648668269,1.0,0.765184062518089,0.8927777163970843,0.6532393131044665,0.7402432361986722,0.29645819814299423,0.9207986398075025,0.3002724155790606,1.0,0.5430522523551138,0.10196770314851451,0.5416051172874585
hcc,0.5524796238112433,0.7088389793144063,0.8707799615406804,1.0,1.0,0.5472271186459263,0.29645819814299423,0.8891489242737904,0.6600216139632724,1.0,0.5430522523551138,0.10063477873544394,0.5416051172874585
hcc,0.7048701955358818,1.0,1.0,1.0,1.0,0.5472271186459263,0.29645819814299423,0.9575972897027605,0.3910290181852695,0.8904626759159099,0.45074278302369775,0.13841995207933908,0.5416051172874585
hcc,0.7595051511641306,0.9634083751058284,0.960638005275382,0.9581171881912073,0.9183256951755542,0.5472271186459263,0.3773258283412925,0.9070277399412755,0.414339286488148,0.9762459741682358,0.5430522523551138,0.11893893736860392,0.5416051172874585
hcc,0.7103839472968159,0.8894315405912554,0.9767273349381296,1.0,0.9873756158227311,0.5255017950721969,0.2943175856539485,1.0,0.3910290181852695,1.0,0.5395750599352278,0.05256621722283343,0.5453016293873468
hcc,0.8210613699490443,0.8783992352824149,1.0,1.0,1.0,0.5528093726658172,0.2868324458477756,1.0,0.4661452746873516,1.0,0.608922945002168,0.020291196344855694,0.5416051172874585
hcc,0.7204198264442078,0.9084094849369541,1.0,0.7825833615875071,0.8794302274307003,0.5472271186459263,0.31613197498770634,0.9571271203844615,0.38175546170920943,0.9982607933481573,0.6082317426827728,0.053146191015804214,0.5182416500424993
hcc,0.7048701955358818,1.0,1.0,0.9006991626754751,1.0,0.5472271186459263,0.29645819814299423,1.0,0.3910290181852695,1.0,0.5430522523551138,0.10177629186277821,0.4823350041153276
hcc,0.7218177496239662,1.0,0.9720639937686218,1.0,1.0,0.4846471149034928,0.29478474335893945,0.9236212280274968,0.44532292076551316,0.7895168078380339,0.7027396757138495,0.11096928389195158,0.6175295015290466
hcc,0.7689702708847445,0.8574438542172373,0.8562165293653621,0.8358549965951014,0.8098854953823115,0.6541360710345183,0.23287160574390278,0.8418874570973692,0.3910290181852695,0.9199497681707206,0.5294474986162929,0.03384465598249889,0.5558430412646959
hcc,0.7025151248540553,0.8905722904562803,0.9918727832728421,0.946150107469567,0.6939729141241495,0.5472271186459263,0.29645819814299423,0.9778796491408919,0.41222439507027375,1.0,0.6066030314306753,0.04988715321869078,0.47316098455934974
hcc,0.6019242978351194,0.9838768960943153,0.988220108155235,1.0,0.9762257363258776,0.5472271186459263,0.29645819814299423,0.9035987167503537,0.3164097812257599,1.0,0.7070943604888177,0.1096871491683303,0.5325188507492856
hcc,0.8102989526988932,0.27785289068026414,0.3214058216975108,0.9983275011449319,1.0,0.3227820560356974,0.03999579492181884,0.5924807590422242,0.3910290181852695,0.9428921305759457,0.2565633364371377,0.0,0.7544779067075753
hcc,0.742257566653313,0.5705032163996956,0.9624997926908755,1.0,1.0,0.42373729697936147,0.16259661841175443,1.0,0.3910290181852695,1.0,0.499989218011624,0.10684562171858997,0.6129085177390535
hcc,0.7048701955358818,1.0,1.0,1.0,0.8963083204435921,0.5597273255881199,0.1467418499234802,0.9471377821008806,0.4776921741778508,1.0,0.6086955850514227,0.10196770314851451,0.5416051172874585
hcc,0.7386233890473906,1.0,0.915096501429027,0.8861682430090766,0.9497868431202761,0.020126291855602923,0.22362287345637766,0.9964550250175975,0.3921304149005569,0.9185014663496941,0.6260574534500326,0.16417011834456463,0.4588171598007759
hcc,0.9882940922093328,0.9926424376034667,0.8720151445417921,0.8888164748606877,0.8891585963981481,0.561025530760207,0.29645819814299423,0.920895654818871,0.3910290181852695,0.9694780550894394,0.531746299544121,0.14229045880839045,0.5467208973552723
hcc,0.6158955489440122,0.927559907919349,0.983632931684082,0.9299336616126891,0.8419645518564376,0.6091835160920287,0.35772231533726506,1.0,0.29255042552092586,0.8855520777251599,0.6065509631950415,0.06920788765352225,0.5297292097823145
hcc,0.7851017610986977,0.9075127582241757,0.8727057016603788,0.9032419470094128,0.8687666265073496,0.5014502415553513,0.2111520921705454,0.8791453068060595,0.4537164711485724,0.9451919377745333,0.6148799044595634,0.1723034630444211,0.5953236655595686
hcc,0.5972924209592656,0.9075127582241757,0.9399102225855872,0.8311147902192682,0.9535967696787961,0.5999193085486726,0.29101762162221473,0.9330595257765589,0.0,0.9414011541524271,0.6148799044595634,0.07266657653989733,0.58966009299611
hcc,0.599216872852141,0.6798677260954326,0.8853699226529774,0.7808393328739327,0.5271174935389599,0.4996836507371029,0.36500753286320753,0.9083443281909874,0.3245743408483646,0.7905610237477697,0.5341141759641587,0.1178174338455153,0.5554215785429554
hcc,0.7285275944292359,1.0,0.8099775465789995,0.9981460171405179,0.9712262040336392,0.5602827932807296,0.3857866985200735,1.0,0.3910290181852695,0.9589771025397162,0.5306937835921149,0.11085178408821755,0.4927305121962788
hcc,0.7450591724198147,1.0,0.9987574546830768,0.7828654764332175,0.9611636046610272,0.6243821389604182,0.29645819814299423,0.8152054133590876,0.3910290181852695,1.0,0.5430522523551138,0.10180266659016186,0.5416051172874585
hcc,0.7929556795446645,0.9911609645585754,0.8623862870880908,0.8448998036495761,0.7926726598536387,0.6535753394885656,0.2047008617315299,0.9638048184402297,0.3910290181852695,1.0,0.49589102377525096,0.12610546788387067,0.595829802995701
hcc,0.7533436476284836,1.0,0.7791183468746917,0.775391274281998,0.9931757826003501,0.5044287351510027,0.29183429211384704,0.9843412652692342,0.5302087603252461,0.9465521147058836,0.48761280611794894,0.10271485522182414,0.5391523836379427
hcc,0.6455418096857566,0.8653756104181785,0.9566215907814,0.9532306137274494,0.8807259866795468,0.4651815977104311,0.300750940326437,0.973372674053564,0.18397815252262587,0.9465521147058836,0.5701331282995129,0.03579507826763402,0.5772641821682641
hcc,0.5753637876007526,0.7304391032844992,0.8705158809049947,0.9880584266437257,0.7979463925606268,0.5721707740253802,0.31613197498770634,0.9362742670692851,0.5935231904427172,0.9707721340491257,0.751185519098111,0.14804586681023987,0.5198457391927006
hcc,1.0,0.8068629227541726,0.5617336121122164,0.7836199471044397,0.906975549779875,0.14647994578129153,0.594757412484586,0.0,0.518678598093375,0.5674847133060782,0.46829159526310654,0.3391505174841666,0.26534447134495365
hcc,0.515080470831112,0.9588955573609751,0.9459757553473168,0.6003830190627717,0.8695375428393527,0.41596992915634534,0.4445645156862146,0.34875194804594806,0.31009385712372717,0.64683668253934,0.39727637378595654,0.2187527684168868,0.6631042793295414
hcc,0.4459022318765582,0.5581422872004871,0.9364468610779192,0.8888164748606877,0.8793886700049687,0.4154986975347173,0.011343387153218469,0.6709156281624825,0.6440382512376718,0.9508835804039574,0.7783375682700566,0.13656557542358178,0.7055177375211411
hcc,0.0,0.7673284948823299,0.49618650625522176,0.5314668502802155,0.7691260834744087,0.24786210421560367,0.5852990817473935,0.23685474581331079,0.28053819792484735,0.7962162343366702,0.8036790216093733,0.5932455837029915,0.2811181616153581
hcc,0.17109920729366077,0.6273446747857975,0.5225455201676577,0.6154008710423566,0.32966768670895047,0.24018786017817903,0.19563193175189134,0.611891886382929,0.3002724155790606,0.314341773434717,0.31741620073799626,0.29840271672661806,0.7528335758119264
hcc,0.7089007358790385,0.9638067732105912,0.9808481138419352,0.9931431807211513,0.9060977014711332,0.5608592714547703,0.3567601825321255,0.7891434857515938,0.3910290181852695,1.0,0.5430522523551138,0.15714007615364015,0.5299705497577147
hcc,0.7350793600199905,1.0,0.9278327858450693,1.0,0.9336584037916322,0.5472271186459263,0.29645819814299423,1.0,0.3935024988066976,1.0,0.5430522523551138,0.10305412384302064,0.5308943493826465
hcc,0.7048701955358818,0.8485972069079325,1.0,1.0,0.9030619267556289,0.5472271186459263,0.11249981700732925,1.0,0.5474601581898945,1.0,0.7401071261194753,0.0,0.538242368886706
hcc,0.6860446865065545,1.0,1.0,1.0,1.0,0.5472271186459263,0.29645819814299423,1.0,0.3910290181852695,1.0,0.5430522523551138,0.11117551841906045,0.5416051172874585
hcc,0.7048701955358818,1.0,1.0,1.0,0.446681437225238,0.5472271186459263,0.29645819814299423,1.0,0.3910290181852695,1.0,0.5430522523551138,0.09712088441962756,0.5416051172874585
hcc,0.7038619641489625,0.9978950714858067,0.7988486052903566,0.8861682430090766,0.992898885658711,0.5576859966487072,0.2848670216691967,0.9888339239058789,0.4130554144242698,0.9235500077699804,0.5622615674108632,0.10595700122339416,0.5721745475923214
hcc,0.7281814306068546,1.0,0.9540851248944953,1.0,1.0,0.4827335871623146,0.43465784239425204,0.9829002499554311,0.3910290181852695,0.7880067688295843,0.5286115776129833,0.11556497376382975,0.47827622092747185
hcc,0.7050281657074902,1.0,1.0,1.0,1.0,0.5486799758980456,0.29514104150617065,1.0,0.3910290181852695,1.0,0.5430522523551138,0.11660513693378488,0.5416051172874585
hcc,0.6868308581948245,1.0,0.962671272463739,1.0,0.9584092385360582,0.5924797158190541,0.29645819814299423,0.9876868435768781,0.35991312571619294,1.0,0.5430522523551138,0.10148820519216654,0.5769701960963963
hcc,0.8665145137961063,0.5940217894483824,0.4178589755017332,0.23779809886146172,0.21858207612295763,0.23589372642066903,0.09646977669837765,0.46405344278601224,0.3910290181852695,0.8580426522985681,0.3590599978826192,0.20557845625503982,0.3677752490303171
hcc,0.8523648020530946,0.5906569451584972,0.40397230592367483,0.999482232891113,0.8982526918468601,0.37434721466797677,0.1512854104076512,0.49560394847299105,0.4113409544465147,0.8889250399960547,0.8676364041695869,0.3960760993441328,0.1895883895455721
hcc,0.8467356487602644,0.6115009992090135,0.949206199242774,0.8939684352974826,0.9781971061933452,0.11536389492462984,0.18509965379440071,0.7410465809421207,0.3826644286318879,0.8093845000480919,0.5988139950450817,0.14976773398475557,0.635668047635184
hcc,0.7286988951164663,1.0,0.9723634515294042,1.0,1.0,0.46244654125683937,0.36261100621828424,0.9772906860909771,0.3910290181852695,1.0,0.44419366379117997,0.1421969934080578,0.584759445059672
hcc,0.7063677251234923,1.0,1.0,1.0,1.0,0.5527784180201698,0.2868324458477756,1.0,0.3923898812807954,1.0,0.6467870535960157,0.10529812799563705,0.5416051172874585
hcc,0.7539669326126045,0.9242415150798737,0.7706527368498702,0.787776919892007,0.9445613868019225,0.8086055117830655,0.29891299535439436,0.9328357422742959,0.3928076872620016,0.9996382493435074,0.5430522523551138,0.16668640712056512,0.5416051172874585
hcc,0.710044779968948,1.0,1.0,0.9071845728676701,1.0,0.5472271186459263,0.29645819814299423,1.0,0.3910290181852695,1.0,0.5430522523551138,0.10114525480369035,0.4891066981242051
hcc,0.7057145683606135,0.9510581562541937,0.9289980212144798,1.0,1.0,0.5220934906781227,0.293969592996133,0.9040604278921913,0.3910290181852695,0.9835763271103325,0.5389465069659154,0.1017808924992778,0.5103231508991656
hcc,0.5499587553199196,1.0,0.7489114352386648,0.9422355904612201,0.967728808230693,0.5155340891599048,0.3027057614793697,0.7469148494908202,0.298996011844916,0.5987948737729298,0.5513989457716588,0.18232446798459126,0.5515998740029525
hcc,0.7078978673676665,1.0,1.0,1.0,0.9970488813746038,0.5560790035007563,0.27832886858249684,1.0,0.3910290181852695,1.0,0.5430522523551138,0.10753694685340426,0.5416051172874585
hcc,0.7000460027238584,1.0,0.9972409329485884,1.0,0.9799551093275056,0.5592896649008047,0.29178868105435296,0.9870480368149871,0.4034192234015226,0.9867838054373246,0.5565857560244252,0.16513305672731343,0.5416051172874585
hcc,0.6972044932418182,1.0,0.9837155935277146,0.9691767831014263,0.9847050254827275,0.5395042896838332,0.2923568182705003,0.763770403468175,0.3800080373200294,0.9932709787617183,0.532003589226777,0.10967016999334187,0.4908657815079651
hcc,0.7048701955358818,1.0,1.0,1.0,1.0,0.5472271186459263,0.29645819814299423,1.0,0.3910290181852695,1.0,0.5430522523551138,0.10196770314851451,0.5416051172874585
hcc,0.703760532451776,0.9799426261834209,0.998206266142373,0.9868080606000975,0.9705551606326935,0.5580876676172417,0.2920873331197381,0.9886667358852407,0.5445686367998213,0.9855165776576903,0.5558500360396738,0.09825910233210233,0.5457991442210248
hcc,0.7032261537174166,1.0,0.9856054772989236,0.8861682430090766,1.0,0.5402885394498445,0.29035983057551096,0.9967856058727615,0.38111072816944536,0.7782114284355428,0.5330274937399878,0.10939193962327953,0.6223882113631853
hcc,0.7048701955358818,1.0,1.0,1.0,1.0,0.5472271186459263,0.29645819814299423,1.0,0.3910290181852695,1.0,0.5430522523551138,0.10196770314851451,0.5416051172874585
hcc,0.6995288919069748,0.9890795047888377,0.9159934960506795,0.8888164748606877,0.96732018469962,0.659216739168604,0.2632009539079929,0.9303432221748824,0.3930097896970872,0.8486569000764783,0.6354612712730752,0.1477237877884709,0.5416051172874585
hcc,0.7841937585553498,1.0,1.0,0.7518634610095281,1.0,0.562850743366896,0.3909025495687913,0.9805302325781953,0.3910290181852695,0.7910837048681789,0.4869633483272205,0.1349275575976157,0.5277389348850051
hcc,0.7048701955358818,1.0,1.0,1.0,1.0,0.5472271186459263,0.29645819814299423,1.0,0.3910290181852695,1.0,0.5430522523551138,0.11129260200780537,0.5416051172874585
hcc,0.580211437693936,0.9829196875458784,1.0,0.8917776244000727,0.8794908805644122,0.5416093752682634,0.25877780335722206,0.9982450944176112,0.5394137248699548,0.9580361488061815,0.6141043932454712,0.12180578585886427,0.544082447467168
hcc,0.6516049167353664,0.8559605240111013,0.8449516893643002,1.0,0.9006217247244195,0.7176202190558045,0.29406433842407254,0.9653488901959654,0.3385168189098871,0.7637316925701771,0.6755872277091174,0.015356615814855422,0.5718509740489773
hcc,0.8874482779324065,0.7088389793144063,0.7886139789291123,0.8264631097225124,0.7678640175192722,0.5472271186459263,0.29645819814299423,0.8741879723237626,0.44974191974312727,0.5990184163307022,0.653892005174485,0.14317284869681882,0.5587756312565474
hcc,0.46103057965686683,0.5539814947414406,0.35972436344276354,0.9258691582443803,0.7750917176076684,0.3004769163575942,0.4852074689938019,0.5514220549743694,0.32290548331295893,0.5820483381119333,0.3367771899086698,0.15499534965808523,0.6577841431463066
hcc,0.7131891864875591,1.0,1.0,1.0,0.973347663738961,0.5529061446401192,0.3794858314606747,0.9862064664845924,0.42599210395024606,1.0,0.5739116820493602,0.10533818551953508,0.5691006397534033
hcc,0.7048701955358818,0.9529203057607729,1.0,1.0,1.0,0.5472271186459263,0.33560945780690127,1.0,0.44628420723233025,1.0,0.5489340219257225,0.09023087567242276,0.45343085084147977
hcc,0.7287692345137008,0.9713544680321536,0.7084836347881326,0.597891323709592,0.8103482218310929,0.03317051025710379,0.24753890001396106,0.8363906091704864,0.3924558214820733,0.9279807184759271,0.5397792746093226,0.18607226209046163,0.5855675322242956
hcc,0.7078978673676665,1.0,1.0,1.0,1.0,0.5357473290028835,0.2954356433783226,1.0,0.3910290181852695,1.0,0.5413383337279235,0.10262323183132074,0.5090222933782558
hcc,0.7016634096017119,0.9408172214786872,0.9762641106392784,1.0,1.0,0.5867279999809484,0.29645819814299423,0.9848073615609438,0.5560130946796246,1.0,0.5430522523551138,0.07720117409294214,0.5414233040391542
hcc,0.6227536938517076,0.9954898499434193,0.9593168182118594,0.8747603258326858,0.939056083153922,0.0001987512520499271,0.523172019548025,0.9682308776512351,0.4420186605941036,0.5732833952668145,0.5760899957996463,0.1847981032560774,0.5084676680766421
hcc,0.6719794042038719,0.8485972069079325,0.9774343416570385,0.9263246605172364,0.8380722801607741,0.5956084171376883,0.2672523214610883,0.947332270894187,0.3564125222492582,1.0,0.5746390646955919,0.0,0.5089488313212921
hcc,0.7350358471938558,0.9933535001446808,0.9626112718775928,0.9263246605172364,0.7040164740789834,0.5159984919013191,0.32772579142108804,1.0,0.4275631759596588,1.0,0.5044506159006034,0.19216991047386459,0.5076673755441181
hcc,0.4713433708102084,0.6431203971030516,0.898650905739028,1.0,0.6637830281506664,0.08028248776951621,0.5393706292757362,0.8952167985558419,0.05817576656057846,0.855040430185604,0.4433505752193293,0.29910651668958377,0.6399443972877004
hcc,0.22744831132772322,0.0,0.0,0.0,0.5530854692892545,0.28291471283973796,0.8016413798795267,0.5514220549743694,1.0,0.8160661139528004,0.0,0.5145288413732572,1.0
hcc,0.3667452502948937,0.5170516462013192,0.009478984809803505,0.6599733901201894,0.9601789578697344,0.34908093565982096,0.5659006089444816,0.6235900281908797,0.6985895265151537,0.7862203493971269,0.8173080390523042,1.0,0.2980117811452219
hcc,0.5727847829890039,1.0,0.9982349726263796,0.9483087853782385,0.9375417685979694,0.0,0.2346942188028409,0.9783885003930809,0.3002724155790606,0.9807959546736412,0.5430522523551138,0.23515034975171728,0.5281666124064467
hcc,0.7048701955358818,1.0,1.0,1.0,1.0,0.5472271186459263,0.2964062391365476,1.0,0.40543613326813166,1.0,0.5430522523551138,0.10196770314851451,0.5416051172874585
hcc,0.7598028818627632,0.9226715760212956,1.0,1.0,1.0,0.0,0.22862265798562215,1.0,0.39398886514475745,0.8093845000480919,0.530280995432513,0.21787904881727319,0.5416051172874585
hcc,0.7122203938048006,0.9822377323401001,0.9948106258312448,0.7952549153798325,0.970186957311303,0.5205939086132451,0.2941119308015059,0.9904442787717499,0.4154870652837915,0.7920993536005797,0.5388690637525249,0.12051081351651427,0.46465244353990237
hcc,0.7048701955358818,1.0,0.9764729491845106,1.0,1.0,0.5472271186459263,0.29645819814299423,0.998504035131389,0.3910290181852695,0.972696727256673,0.5407945954368436,0.10196770314851451,0.5416051172874585
hcc,0.6593412565654153,0.7847770689233826,0.7713215526185238,0.9128087777758204,0.9281900944786838,0.4828074887284523,0.1440412224762859,0.925969736908313,0.40223286865635655,1.0,0.5303498267385125,0.016853861839070505,0.5706492975319567
hcc,0.3634701480452367,0.477389787054571,0.3132119165487438,0.993801001358934,0.9312757826472001,0.296968898001165,0.1455339062049558,0.5387835053376876,0.3200370875836612,0.8017426304100705,0.18353472021654477,0.1575705112866461,0.8179822589460358
hcc,0.6590534191899495,0.7222275491729266,0.8334290200920643,0.9590583062360791,0.9624799253190237,0.5609258623218001,0.2672517001953068,0.894774097559295,0.40223286865635655,0.9908442572907825,0.4646445177606039,0.1470754642198935,0.562675699247646
hcc,0.711239363675197,0.8746264423578253,1.0,0.8392210444089259,0.9913720240192169,0.5623841311440193,0.412997949154833,0.9795980176413207,0.3910290181852695,0.9235663790254338,0.45746979296775886,0.0387357347474094,0.5785095889705151
hcc,0.7012757698123953,0.996360167925915,0.9739919419761758,0.9975303169308046,0.8642819733073887,0.5573308052506216,0.2988883581960744,0.9687572834657897,0.3910290181852695,0.9534054008470013,0.4701176133009156,0.10150405370834341,0.48307062553528346
hcc,0.5653786753896055,0.9983137402626338,0.9545983609885575,0.96965629740685,0.9500472105282023,0.5538783370683865,0.2448478533450258,0.8057330078837801,0.24189479265071806,0.785757437979363,0.5430522523551138,0.14384013375627355,0.5087497282753479
hcc,0.7188030966525092,0.8667809767040753,0.7543759034090589,0.9250003142718937,0.7853659976120146,0.0,0.24966229657098937,0.9671160854754489,0.3910290181852695,0.7848101558259695,0.5430522523551138,0.22894018748093156,0.5416051172874585
hcc,1.0,0.8032171322647313,0.8800889599591271,0.5645839537743954,0.26546904647349545,0.7190828701665384,0.44361529577609565,0.1788874320085718,0.6321120926270233,0.6891692582966579,0.7185844349572446,0.40570436192328296,0.43664098648472516
hcc,0.8454725179605593,0.5755184716416374,0.9253475549661463,0.6821989665159625,0.5392866029178701,0.16150642472091054,0.0,0.702496167459548,0.48629901021219324,0.6891692582966579,0.9171259385097369,0.22046868600645034,0.3982904235006061
hcc,0.7185631119663195,1.0,0.9723634515294042,0.9828466994526885,1.0,0.47210803033248555,0.4721863592417963,0.9631751642347023,0.36791408056129005,0.6290390033370373,0.52805092461931,0.11577286618075719,0.5746276793937909
hcc,0.7253958356312019,1.0,1.0,1.0,0.908335615156188,0.5472271186459263,0.29645819814299423,1.0,0.3910290181852695,1.0,0.5430522523551138,0.10114525480369035,0.5416051172874585
hcc,0.7048701955358818,1.0,1.0,1.0,0.6683249299731919,0.5472271186459263,0.29645819814299423,0.913345926423312,0.20649370706366935,0.9344730654291349,0.5096717800906924,0.10300685043467406,0.5450861369960488
hcc,0.7173513270374977,1.0,0.9253475549661463,0.9871530743358571,0.7376777177538543,0.5472271186459263,0.30269086646906085,0.9303432221748824,0.39229291039656317,0.9746295623538055,0.5430522523551138,0.13271395615276596,0.4177267634801515
hcc,0.5954727641384808,0.9948406867181243,0.8938035815103907,0.8967626325686576,1.0,0.6709616665146971,0.508423007011409,0.7833137442556454,0.2069817686075542,0.9963398793059388,0.4706773887151645,0.10353609272044381,0.5168023076044252
hcc,0.6719268013265015,0.8792142997877104,0.9725986779272713,0.9919936050590461,0.6532393131044665,0.6640533841899008,0.22227498227984754,1.0,0.5792304700976156,1.0,0.5522221348274454,0.041907194038006294,0.5289116018869813
hcc,0.5753085729551498,0.8068629227541726,0.8657251620497171,0.7253028022823607,0.9796066293061226,0.6662178317842777,0.2934036593385076,0.8424410672225936,0.7834875501682389,0.904845100339879,0.6555932683316719,0.0,0.5811947386462255
hcc,0.42780449628445605,0.25694388918594907,0.29126499949178297,0.6218897895343892,0.7309858980424679,0.3201642851435903,0.005451393768433326,0.5794279634046621,0.5066619907858408,1.0,0.25992059234642545,0.4660865399193969,0.7578635531910527
hcc,0.8396297878154558,0.6422879762676962,0.8952847597005469,0.9503928376340484,0.7390973737591864,0.16006572205571049,0.19804137234203995,0.9111885365422381,0.40639750679792724,0.5063914433888859,0.3801143299937087,0.1922686896953153,0.44269479529629613
hcc,0.6829235842237495,0.9217993751491331,0.9405349167666456,0.78777754135369,0.9702360425778932,0.5117494394273474,0.3450911053227908,0.9732437324310711,0.3964622330797407,0.7911047744334766,0.5263826307458929,0.07925613373672825,0.5810242599593409
hcc,0.7208214894292232,0.9777456765300774,0.9741263286862973,1.0,0.9970907294872726,0.491062458122952,0.3127764526083441,0.9998830242886223,0.4380034183622698,0.9868522120888898,0.5323191234550166,0.09859735166378915,0.5643666778166808
hcc,0.7234252858559096,0.8817071675966136,0.9941928250656163,0.9333057370948158,0.5646771556509279,0.5773759517595931,0.33201989133146953,1.0,0.3943792180509291,0.7893126691988496,0.5388002084763595,0.04993645276837365,0.5309217334550114
hcc,0.7505221773816132,0.9514865921364284,0.9380728129789058,0.43684051359293014,0.9429373252128334,0.48762501119181145,0.2555200566644545,0.9761422824594369,0.38778190108180616,0.6879667957001849,0.46257495297965995,0.20649673218592726,0.4721758719040477
hcc,0.6031910391479027,0.9146876007386655,0.9365649386440581,0.8258745916529865,0.9473632151128139,1.0,0.28510127632308174,0.9804433991101864,0.31009385712372717,0.9626975684960246,0.49690921793236226,0.16753573190283227,0.5496203043522168
